indikator_id,indikator_kode,indikator_navn,indikatorgruppe,datakilde,enhet,retning,malverdi,er_utfaset,kildetype
c6e03b74be4ba3cb7cd0be5049806c47,Antall henvisninger for pasienter under 23 år,Antall henvisninger for pasienter under 23 år,"Barne- og ungdomsgarantien, andel vurdert innen 10 dager",NKI,Antall,Ingen retning,,false,Kvalitet
19d843f95b4554a2966653d3a805729c,Antall brudd på vurderingsgarantien i somatisk helse,Antall brudd på vurderingsgarantien i somatisk helse,Brudd på vurderingsgarantien i somatisk helse,NKI,Antall,Ingen retning,,false,Kvalitet
62a8c6f5a9b01df53d55c6464550e61d,Antall barn som dør 0-27 dager (neonatalt døde) etter fødsel per 1000 levendefødte siste 2 år,Antall barn som dør 0-27 dager (neonatalt døde) etter fødsel per 1000 levendefødte siste 2 år,Dødelighet i nyfødtperioden,NKI,Antall,Ingen retning,,false,Kvalitet
3a8f928ad91937cb80e53861650e5ce3,Antall avsluttede pasientforløp i somatikk hvor epikrise sendes innen 7 dager,Antall avsluttede pasientforløp i somatikk hvor epikrise sendes innen 7 dager,Epikrisetid ved utskriving fra somatisk helsetjeneste,NKI,Antall,Høyere er bedre,,false,Kvalitet
03f837a5931eb8f291f0f7d1feaef0e7,Antall avsluttede pasientforløp i PHV hvor epikrise sendes innen 7 dager,Antall avsluttede pasientforløp i PHV hvor epikrise sendes innen 7 dager,Epikrisetid ved utskrivning fra døgnbehandling i psykisk helsevern for voksne,NKI,Antall,Høyere er bedre,,false,Kvalitet
f7637fe82a1a09a72f11893cd8dfb240,Andel avsluttede pasientforløp i TSB hvor epikrise sendes innen 1 dag,Andel avsluttede pasientforløp i TSB hvor epikrise sendes innen 1 dag,Epikrisetid ved utskrivning fra døgnbehandling i TSB,NKI,Prosent,Høyere er bedre,70.0,false,Kvalitet
38104d2c6ba8cb8ce698cc45a515ca33,Antall avsluttede pasientforløp i TSB hvor epikrise mangler,Antall avsluttede pasientforløp i TSB hvor epikrise mangler,Epikrisetid ved utskrivning fra døgnbehandling i TSB,NKI,Antall,Høyere er bedre,,false,Kvalitet
ba1127914d52663c68c123b0b2a22d73,Andregenerasjons cefalosporiner - DDD per 100 liggedøgn,Andregenerasjons cefalosporiner - DDD per 100 liggedøgn,Forbruk av et utvalg bredspektrede antibiotika i sykehus,NKI,Ukjent,Ingen retning,,false,Kvalitet
04b309c710c8a9a7901c8d33017a8243,Andel store rifter blant alle vaginalt fødende,Andel store rifter blant alle vaginalt fødende,Forekomst av fødselsrifter,NKI,Prosent,Ingen retning,,false,Kvalitet
23a5868f5f3d87abae5cc51396695697,Antall fristbrudd for pasienter som har påbegynt helsehjelp i PHV,Antall fristbrudd for pasienter som har påbegynt helsehjelp i PHV,Fristbrudd for pasienter som har påbegynt behandling i psykisk helsevern for voksne,NKI,Antall,Lavere er bedre,,false,Kvalitet
60fe8743e07e473033d8baac71a5a6d3,Antall fødsler uten større inngrep og komplikasjoner hos flergangsfødende,Antall fødsler uten større inngrep og komplikasjoner hos flergangsfødende,Fødsler uten større inngrep og komplikasjoner,NKI,Antall,Ingen retning,,false,Kvalitet
93883cbd2f8227d8060857910a045b60,Antall fødsler uten større inngrep og komplikasjoner hos førstegangsfødende,Antall fødsler uten større inngrep og komplikasjoner hos førstegangsfødende,Fødsler uten større inngrep og komplikasjoner,NKI,Antall,Ingen retning,,false,Kvalitet
cb325069c0691bd0e0a040530130b1ed,Totalt antall pasienter med akutt hjerneslag som er innlagt i sykehus og utskrevet i live,Totalt antall pasienter med akutt hjerneslag som er innlagt i sykehus og utskrevet i live,Gjennomført tverrfaglig funksjonsvurdering innen anbefalt tid etter hjerneslag,NKI,Antall,Ingen retning,,false,Kvalitet
aed65e84a584289f69a42ca758798efe,Gjennomsnittlig ventetid i PHBU i antall dager,Gjennomsnittlig ventetid i PHBU i antall dager,Gjennomsnittlig og median ventetid i psykisk helsevern for barn og unge,NKI,Dager,Lavere er bedre,35.0,false,Kvalitet
126d36ee3f5a675e322c8640c36e5942,Totalt antall påbegynt helsehjelp i PHV,Totalt antall påbegynt helsehjelp i PHV,Gjennomsnittlig og median ventetid i psykisk helsevern for voksne,NKI,Antall,Ingen retning,,false,Kvalitet
d53569fb3df62cc5f45b2cc57f7846dd,Gjennomsnittlig ventetid i TSB i antall dager,Gjennomsnittlig ventetid i TSB i antall dager,Gjennomsnittlig og median ventetid i tverrfaglig spesialisert rusbehandling,NKI,Dager,Lavere er bedre,30.0,false,Kvalitet
316204546df166f7459043065f921601,Totalt antall pasienter med hjertestans som har fått hjerte-lungeredning av tilstedeværende eller ambulanse,Totalt antall pasienter med hjertestans som har fått hjerte-lungeredning av tilstedeværende eller ambulanse,Hjerte-lungeredning før ambulansen kommer frem til en hjertestans,NKI,Antall,Ingen retning,,false,Kvalitet
dc8b73a23a40b7c432fd4a25b89bd2bb,Andel fødsler som startes med induksjon,Andel fødsler som startes med induksjon,Igangsetting av fødsel,NKI,Prosent,Ingen retning,,false,Kvalitet
be2ff10b9ca2a589f04f5d4b19318307,Antall utførte keisersnitt,Antall utførte keisersnitt,Oppfølging av infeksjonsstatus 30 dager etter keisersnitt,NKI,Antall,Ingen retning,,false,Kvalitet
d8300ad94cd009a904f24ea7d4cf27df,Totalt antall med nydiagnostisert attakkvis MS og oppstart av sykdomsmodulerende behandling,Totalt antall med nydiagnostisert attakkvis MS og oppstart av sykdomsmodulerende behandling,Pasienter med multippel sklerose som starter med behandling innen anbefalt tid etter diagnose,NKI,Antall,Ingen retning,,false,Kvalitet
0f5c5e988424f120b6fe142e4892fdce,Informasjon,Informasjon,Pasienterfaringer med somatiske sykehus,NKI,Ukjent,Ingen retning,,false,Kvalitet
914e967cca535b4b6b02a549de271a2a,Andel keisersnitt med postoperative infeksjoner oppstått innen 30 dager etter utført keisersnitt i perioden,Andel keisersnitt med postoperative infeksjoner oppstått innen 30 dager etter utført keisersnitt i perioden,Postoperative infeksjoner etter keisersnitt,NKI,Prosent,Ingen retning,,false,Kvalitet
37e86eeeb6015a45d1ae36f67297f49b,Antall avsluttete behandlingsopphold for pasienter over 18 år med manglende rapportering om avslutningstype,Antall avsluttete behandlingsopphold for pasienter over 18 år med manglende rapportering om avslutningstype,Rapportering av årsak til avsluttet behandling i tverrfaglig spesialisert rusbehandling,NKI,Antall,Ingen retning,,false,Kvalitet
ea127d2ff34d808f7dc8101420e124d0,Andel med nydiagnostisert attakkvis MS som starter høyeffektiv behandling som sin første sykdomsmodulerende behandling,Andel med nydiagnostisert attakkvis MS som starter høyeffektiv behandling som sin første sykdomsmodulerende behandling,Tidlig høyeffektiv behandling ved multippel sklerose,NKI,Prosent,Ingen retning,,false,Kvalitet
0fe30f551c74b99864956c1bcb425fca,Antall med nydiagnostisert attakkvis MS som starter sykdomsmodulerende behandling,Antall med nydiagnostisert attakkvis MS som starter sykdomsmodulerende behandling,Tidlig høyeffektiv behandling ved multippel sklerose,NKI,Antall,Ingen retning,,false,Kvalitet
701d733d8e82be2376addee69d050bd1,Andel aortakoronare bypasskirurgier med dype og organ/hulromsinfeksjoner innen 30 dager etter kirurgi i perioden,Andel aortakoronare bypasskirurgier med dype og organ/hulromsinfeksjoner innen 30 dager etter kirurgi i perioden,Utfaset - Dype og organ/hulromsinfeksjoner etter gjennomført aortakoronar bypass kirurgi,NKI,Prosent,Ingen retning,,true,Kvalitet
ae5f9190da01a86ea12586db8faa69ee,Pasient oppfyller ikke kriteriene eller har avslått tilbud om individuell plan,Pasient oppfyller ikke kriteriene eller har avslått tilbud om individuell plan,Utfaset - Individuell plan med diagnose schizofreni i psykisk helsevern for voksne (PHV),NKI,Ukjent,Ingen retning,,true,Kvalitet
e0da1893fc67ba0911bf2865a884a926,"Andel oppdaterte ventetider på Velg behandlingssted innen psykisk helse, voksne","Andel oppdaterte ventetider på Velg behandlingssted innen psykisk helse, voksne",Utfaset - Oppdaterte ventetider i Velg behandlingssted,NKI,Prosent,Lavere er bedre,,true,Kvalitet
71461ef6e34aeb745d98e9efbfb9e3ac,Antall pakkeforløp for bukspyttkjertelkreft gjennomført innen maksimal anbefalt forløpstid,Antall pakkeforløp for bukspyttkjertelkreft gjennomført innen maksimal anbefalt forløpstid,Utfaset - Pakkeforløp for bukspyttkjertelkreft,NKI,Antall,Høyere er bedre,,true,Kvalitet
9be7d2401adb3d84d82d43a9b48c30ba,Antall nye kreftpasienter som inngår i pakkeforløp for hode-halskreft,Antall nye kreftpasienter som inngår i pakkeforløp for hode-halskreft,Utfaset - Pakkeforløp for hode-halskreft,NKI,Antall,Ingen retning,,true,Kvalitet
211edd9047eb4d9f2a852b93f4aa624d,Antall nye kreftpasienter som inngår i pakkeforløp for kreft i spiserør og magesekk,Antall nye kreftpasienter som inngår i pakkeforløp for kreft i spiserør og magesekk,Utfaset - Pakkeforløp for kreft i spiserør og magesekk,NKI,Antall,Ingen retning,,true,Kvalitet
0493a475d0ffdb179e83e190cea321fc,Andel nye kreftpasienter som inngår i pakkeforløp for livmorhalskreft,Andel nye kreftpasienter som inngår i pakkeforløp for livmorhalskreft,Utfaset - Pakkeforløp for livmorhalskreft,NKI,Prosent,Ingen retning,,true,Kvalitet
9b9952c8f857881937addda751207319,Andel nye kreftpasienter som inngår i pakkeforløp for livmorkreft,Andel nye kreftpasienter som inngår i pakkeforløp for livmorkreft,Utfaset - Pakkeforløp for livmorkreft,NKI,Prosent,Ingen retning,,true,Kvalitet
f8f5d170f9d21b1f4e4bcd9dbadc1400,Andel pakkeforløp for myelomatose gjennomført innenfor maksimal anbefalt forløpstid,Andel pakkeforløp for myelomatose gjennomført innenfor maksimal anbefalt forløpstid,Utfaset - Pakkeforløp for myelomatose,NKI,Prosent,Høyere er bedre,,true,Kvalitet
7aab14e9264abf261124da330ba43e8d,Andel pakkeforløp for nyrekreft gjennomført innen maksimal anbefalt forløpstid,Andel pakkeforløp for nyrekreft gjennomført innen maksimal anbefalt forløpstid,Utfaset - Pakkeforløp for nyrekreft,NKI,Prosent,Høyere er bedre,,true,Kvalitet
e3cde8b10f877f35d5b39930fea71760,Andel pakkeforløp for prostatakreft gjennomført innen maksimal anbefalt forløpstid,Andel pakkeforløp for prostatakreft gjennomført innen maksimal anbefalt forløpstid,Utfaset - Pakkeforløp for prostatakreft,NKI,Prosent,Høyere er bedre,,true,Kvalitet
84ce83d9670d6ff229c79f12f3c69300,Totalt antall kreftpasienter som inngår i pakkeforløp for prostatakreft,Totalt antall kreftpasienter som inngår i pakkeforløp for prostatakreft,Utfaset - Pakkeforløp for prostatakreft,NKI,Antall,Ingen retning,,true,Kvalitet
bfd88dae0d966828b7dd26f0a22777fb,Totalt antall pakkeforløp for tykk- og endetarmskreft med medikamentell behandling,Totalt antall pakkeforløp for tykk- og endetarmskreft med medikamentell behandling,Utfaset - Pakkeforløp for tykk- og endetarmskreft,NKI,Antall,Ingen retning,,true,Kvalitet
47d61d002c4376904296fdcc1ed85e47,Andel avsluttede pasientforløp i somatikk hvor epikrise sendes innen 7 dager,Andel avsluttede pasientforløp i somatikk hvor epikrise sendes innen 7 dager,Epikrisetid ved utskriving fra somatisk helsetjeneste,NKI,Prosent,Høyere er bedre,,false,Kvalitet
d9f19c5b04044fbfc588866166e54671,Andel store rifter blant førstegangsfødende forløst instrumentelt,Andel store rifter blant førstegangsfødende forløst instrumentelt,Forekomst av fødselsrifter,NKI,Prosent,Ingen retning,,false,Kvalitet
077e152fd1a25c69c8e84b4d51c02847,Totalt antall diagnostisk pakkeforløp som er avsluttet i perioden,Totalt antall diagnostisk pakkeforløp som er avsluttet i perioden,Gjennomføring av diagnostisk pakkeforløp innen maksimal anbefalt forløpstid,NKI,Antall,Ingen retning,,false,Kvalitet
6e7d9e825fa7e53d3059a62bce5bcb9d,Median ventetid i PHBU i antall dager,Median ventetid i PHBU i antall dager,Gjennomsnittlig og median ventetid i psykisk helsevern for barn og unge,NKI,Dager,Lavere er bedre,,false,Kvalitet
b6e73f3ff7c3c114f40775eb98d85415,Totalt antall operasjoner,Totalt antall operasjoner,Hoftebrudd operert innen 24 timer og 48 timer,NKI,Antall,Ingen retning,,false,Kvalitet
369b25116293781fdf970416bc4c976b,Andel fødsler med keisersnitt for førstegangsfødende,Andel fødsler med keisersnitt for førstegangsfødende,Keisersnitt,NKI,Prosent,Ingen retning,,false,Kvalitet
c0b935b4b728026817955d64da4667e8,Antall pasienter med aneurismer som mottar legemiddelbehandling i tråd med nasjonale retningslinjer ved utreise,Antall pasienter med aneurismer som mottar legemiddelbehandling i tråd med nasjonale retningslinjer ved utreise,Legemiddelbehandling i tråd med nasjonale retningslinjer etter operasjon for utposning på hovedpulsåren (aortaaneurisme),NKI,Antall,Ingen retning,,false,Kvalitet
4e6d1b76fe508c176224cfe589602683,30 dagers oppfølging av infeksjonstatus etter innsetting av hemiprotese (hofte),30 dagers oppfølging av infeksjonstatus etter innsetting av hemiprotese (hofte),Oppfølging av infeksjonsstatus 30 dager etter innsetting av hemiprotese (hofte),NKI,Prosent,Ingen retning,,false,Kvalitet
306f842dde295bcf4e2727982d8f97a4,"Andel 24 organspesifikke kreft pakkeforløp gjennomført innen standardforløpstid, strålebehandling","Andel 24 organspesifikke kreft pakkeforløp gjennomført innen standardforløpstid, strålebehandling",Pakkeforløp for 24 organspesifikke kreftformer,NKI,Prosent,Høyere er bedre,,false,Kvalitet
800aac80463ea53de62d12d2ed3666ca,Andel kolecystektomier med overfladiske infeksjoner innen 30 dager etter kirurgi i perioden,Andel kolecystektomier med overfladiske infeksjoner innen 30 dager etter kirurgi i perioden,Postoperative infeksjoner etter fjerning av galleblære (kolecystektomi),NKI,Prosent,Ingen retning,,false,Kvalitet
8464c5b201b24952a6951350529edb38,Andel kirurgier med overfladiske infeksjoner etter innsetting av hemiprotese (hofte) i perioden,Andel kirurgier med overfladiske infeksjoner etter innsetting av hemiprotese (hofte) i perioden,Postoperative infeksjoner etter innsetting av hemiprotese (hofte),NKI,Prosent,Ingen retning,,false,Kvalitet
598b21718b48d91fd7bd2c2f5a2a8217,Andel kirurgier med dype og organ/hulromsinfeksjoner innen 30 dager etter innsetting av totalprotese (hofte) i perioden,Andel kirurgier med dype og organ/hulromsinfeksjoner innen 30 dager etter innsetting av totalprotese (hofte) i perioden,Postoperative infeksjoner etter innsetting av totalprotese (hofte),NKI,Prosent,Ingen retning,,false,Kvalitet
70135de1136f331bdac0da0302a5a0ce,Andel førstegangsfødende (Robson 1) som er medikamentelt ristimulert,Andel førstegangsfødende (Robson 1) som er medikamentelt ristimulert,Ristimulering under fødsel,NKI,Prosent,Ingen retning,,false,Kvalitet
d57ba52fd6a8adffa54269541459dbb3,Andel akutte hendelser i tettbygd strøk hvor ambulansen er på hendelsesstedet innen 12 minutter (%),Andel akutte hendelser i tettbygd strøk hvor ambulansen er på hendelsesstedet innen 12 minutter (%),Tid fra AMK varsles til ambulanse er på hendelsessted (AMK-område),NKI,Prosent,Ingen retning,,false,Kvalitet
8132a741c5c7f177e226c06efc091745,Antall med nydiagnostisert attakkvis MS som starter høyeffektiv behandling som sin første sykdomsmodulerende behandling,Antall med nydiagnostisert attakkvis MS som starter høyeffektiv behandling som sin første sykdomsmodulerende behandling,Tidlig høyeffektiv behandling ved multippel sklerose,NKI,Antall,Ingen retning,,false,Kvalitet
e2045f4c08b6fcc1a6905d2577841c4d,"Alle pasienter som er eller har vært i døgnbehandling i psykisk helsevern for voksne, i måleperioden","Alle pasienter som er eller har vært i døgnbehandling i psykisk helsevern for voksne, i måleperioden",Tvangsmiddelbruk i psykisk helsevern for voksne,NKI,Ukjent,Ingen retning,,false,Kvalitet
89d243ec137ad1c7523e5cd958c86857,Alle pasienter med hjerneinfarkt som er behandlet i samme sykehus i perioden,Alle pasienter med hjerneinfarkt som er behandlet i samme sykehus i perioden,Utfaset - Antitrombotisk behandling etter hjerneinfarkt,NKI,Ukjent,Ingen retning,,true,Kvalitet
f98156a1b55e6586b76c97b1d6a2272c,Andel avsluttede henvisningsperioder registrert med spesifikk kode for hovedtilstand i psykisk helsevern for voksne,Andel avsluttede henvisningsperioder registrert med spesifikk kode for hovedtilstand i psykisk helsevern for voksne,Utfaset - Bruk av spesifikke tilstandskoder i psykisk helsevern for voksne,NKI,Prosent,Ingen retning,,true,Kvalitet
ec716ea07a158e72a5ec35d2867c1825,Antall epikriser sendt innen 1 dag,Antall epikriser sendt innen 1 dag,Utfaset - Epikrisetid ved utskrivning fra døgnbehandling i psykisk helse for voksne,NKI,Antall,Høyere er bedre,,true,Kvalitet
be8b441c039f20a2a4586eef8de5c5f7,Andel epikriser sendt innen 1 dag etter utskrivning fra TSB,Andel epikriser sendt innen 1 dag etter utskrivning fra TSB,Utfaset - Epikrisetid ved utskrivning fra døgnbehandling i tverrfaglig spesialisert rusbehandling,NKI,Prosent,Høyere er bedre,70.0,true,Kvalitet
d01593a8bba096af6e6811913d9e1c76,Individuell plan er under arbeid i spesialisthelsetjenesten,Individuell plan er under arbeid i spesialisthelsetjenesten,Utfaset - Individuell plan med diagnose schizofreni i psykisk helsevern for voksne (PHV),NKI,Ukjent,Ingen retning,,true,Kvalitet
03c0f122f08e2ceb92f4cb716a810186,Antall pakkeforløp for blærekreft gjennomført innen maksimal anbefalt forløpstid,Antall pakkeforløp for blærekreft gjennomført innen maksimal anbefalt forløpstid,Utfaset - Pakkeforløp for blærekreft,NKI,Antall,Høyere er bedre,,true,Kvalitet
ed374c08d34d45eb8508b7a7da1e0e7e,Totalt antall pakkeforløp for eggstokkreft som er avsluttet i perioden,Totalt antall pakkeforløp for eggstokkreft som er avsluttet i perioden,Utfaset - Pakkeforløp for eggstokkreft,NKI,Antall,Ingen retning,,true,Kvalitet
7274c1c9969b33f990de5d6e8305b84c,Antall pakkeforløp for hode-halskreft gjennomført innen maksimal anbefalt forløpstid,Antall pakkeforløp for hode-halskreft gjennomført innen maksimal anbefalt forløpstid,Utfaset - Pakkeforløp for hode-halskreft,NKI,Antall,Høyere er bedre,,true,Kvalitet
dfcb15dc518c7e8d29161a0c586b2686,Andel pakkeforløp for lungekreft som gjennomført innen maksimal anbefalt forløpstid,Andel pakkeforløp for lungekreft som gjennomført innen maksimal anbefalt forløpstid,Utfaset - Pakkeforløp for lungekreft,NKI,Prosent,Høyere er bedre,,true,Kvalitet
5fd076090ada7ccd8718f17adeceea6c,Totalt antall pakkeforløp for peniskreft som er avsluttet i perioden,Totalt antall pakkeforløp for peniskreft som er avsluttet i perioden,Utfaset - Pakkeforløp for peniskreft,NKI,Antall,Ingen retning,,true,Kvalitet
448e6ef8bdb7590b7be9109784915b21,Antall nye kreftpasienter som inngår i pakkeforløp for prostatakreft,Antall nye kreftpasienter som inngår i pakkeforløp for prostatakreft,Utfaset - Pakkeforløp for prostatakreft,NKI,Antall,Ingen retning,,true,Kvalitet
2cc6df49e7d722d6235669f3ce5899e8,Totalt antall pakkeforløp for prostatakreft med kirurgisk behandling,Totalt antall pakkeforløp for prostatakreft med kirurgisk behandling,Utfaset - Pakkeforløp for prostatakreft,NKI,Antall,Ingen retning,,true,Kvalitet
41d604ca08c482e93339d0e0eb9be51c,Totalt antall pakkeforløp for prostatakreft med overvåking uten behandling,Totalt antall pakkeforløp for prostatakreft med overvåking uten behandling,Utfaset - Pakkeforløp for prostatakreft,NKI,Antall,Ingen retning,,true,Kvalitet
f6efaf1a9b10ca861bebab14624d7960,Andel nye kreftpasienter som inngår i pakkeforløp for tykk- og endetarmskreft,Andel nye kreftpasienter som inngår i pakkeforløp for tykk- og endetarmskreft,Utfaset - Pakkeforløp for tykk- og endetarmskreft,NKI,Prosent,Ingen retning,,true,Kvalitet
01e13a8cfed958247d471093c9ab2086,"Andel pakkeforløp for tykk- og endetarmskreft gjennomført innen standardforløpstid, kirurgisk behandling","Andel pakkeforløp for tykk- og endetarmskreft gjennomført innen standardforløpstid, kirurgisk behandling",Utfaset - Pakkeforløp for tykk- og endetarmskreft,NKI,Prosent,Høyere er bedre,,true,Kvalitet
8f9730a41915795258cd818d41040604,Totalt antall pakkeforløp for tykk- og endetarmskreft med strålebehandling,Totalt antall pakkeforløp for tykk- og endetarmskreft med strålebehandling,Utfaset - Pakkeforløp for tykk- og endetarmskreft,NKI,Antall,Ingen retning,,true,Kvalitet
23d369a3613bd8619512a374e2e1e1e7,Andel selvbestemte aborter gjennomført inntil utgangen av 9. uke (8 + 6 dager),Andel selvbestemte aborter gjennomført inntil utgangen av 9. uke (8 + 6 dager),Utfaset - Selvbestemt abort gjennomført medikamentelt eller kirurgisk,NKI,Prosent,Høyere er bedre,,true,Kvalitet
f92df09bd0359d191e8fd26abab66605,Antall personer med diabetes,Antall personer med diabetes,Utfaset - Underekstremitetsamputasjoner blant pasienter med diabetes,NKI,Antall,Ingen retning,,true,Kvalitet
d962f280294aa153884ca43e219152ac,Alle pasienter med hjerneslag som er behandlet i samme sykehus i perioden,Alle pasienter med hjerneslag som er behandlet i samme sykehus i perioden,Vurdering og testing av svelgefunksjon etter hjerneslag.,NKI,Ukjent,Ingen retning,,false,Kvalitet
c6e252895eb2366e0166717361971749,ANT_PAS_DOGN,Antall pasienter i døgnbehandling,Aktivitet i spesialisthelsetjenesten,NPR,Antall,Ingen retning,,false,Aktivitet
f64361a6fead76be92219ff9aeb0bbea,5-års relativ overlevelse etter lungekreft,5-års relativ overlevelse etter lungekreft,5 års relativ overlevelse etter lungekreft,NKI,Prosent,Høyere er bedre,,false,Kvalitet
0b52b0141fafcc2ba9f880ffe00a8b1f,Andel brudd på vurderingsgarantien i somatisk helse,Andel brudd på vurderingsgarantien i somatisk helse,Brudd på vurderingsgarantien i somatisk helse,NKI,Prosent,Ingen retning,,false,Kvalitet
4930414dca5939b10f8eaf911f997bbb,Antall fødte barn,Antall fødte barn,Dødfødte barn,NKI,Antall,Ingen retning,,false,Kvalitet
7adae91d6fa8d6070016fce3ec5d54c0,Antall fødte barn siste 2 år,Antall fødte barn siste 2 år,Dødfødte barn,NKI,Antall,Ingen retning,,false,Kvalitet
d42072f9b6123e8aabb24e82b221ce3c,Andel store rifter blant førstegangsfødende som føder vaginalt,Andel store rifter blant førstegangsfødende som føder vaginalt,Forekomst av fødselsrifter,NKI,Prosent,Ingen retning,,false,Kvalitet
5608f138be918a0a283087bbb2dc9ee0,Antall pasienter som har gjennomført første evaluering av behandlingen i poliklinikk innenfor anbefalt forløpstid,Antall pasienter som har gjennomført første evaluering av behandlingen i poliklinikk innenfor anbefalt forløpstid,Forløpstid for evaluering av behandling i poliklinikk i psykisk helsevern barn og unge,NKI,Antall,Høyere er bedre,,false,Kvalitet
c37dc90a61e9f49e0635d12069a5f3b4,Totalt antall pasienter som inngår i målingen,Totalt antall pasienter som inngår i målingen,Forløpstid for evaluering av behandling i poliklinikk i psykisk helsevern barn og unge,NKI,Antall,Ingen retning,,false,Kvalitet
4d10953a0549fcb22cc839def992a148,Antall pasienter som har gjennomført første evaluering av behandlingen i poliklinikk innenfor anbefalt forløpstid,Antall pasienter som har gjennomført første evaluering av behandlingen i poliklinikk innenfor anbefalt forløpstid,Forløpstid for evaluering av behandling i poliklinikk i psykisk helsevern voksne,NKI,Antall,Høyere er bedre,,false,Kvalitet
5da43b3e2f4301937d39d38fc4a83f31,Totalt antall pasienter som inngår i målingen,Totalt antall pasienter som inngår i målingen,Forløpstid for evaluering av behandling i poliklinikk i psykisk helsevern voksne,NKI,Antall,Ingen retning,,false,Kvalitet
47a72fefc7cfd88684eb592ba08f18f1,Andel fristbrudd for pasienter som har påbegynt helsehjelp i PHBU,Andel fristbrudd for pasienter som har påbegynt helsehjelp i PHBU,Fristbrudd for pasienter som har påbegynt helsehjelp i psykisk helsevern for barn og unge,NKI,Prosent,Lavere er bedre,,false,Kvalitet
d37851a6f0ef9d3ee4a862ebb47df053,Andel fødsler uten større inngrep og komplikasjoner hos flergangsfødende,Andel fødsler uten større inngrep og komplikasjoner hos flergangsfødende,Fødsler uten større inngrep og komplikasjoner,NKI,Prosent,Ingen retning,,false,Kvalitet
46be4a3ffa0737d541a7816a0ee11550,Andel hjertestanser utenfor sykehus hvor tilstedeværende har startet hjerte-lungeredning før ambulansen ankommer,Andel hjertestanser utenfor sykehus hvor tilstedeværende har startet hjerte-lungeredning før ambulansen ankommer,Hjerte-lungeredning før ambulansen kommer frem til en hjertestans,NKI,Prosent,Ingen retning,,false,Kvalitet
883cdd0af755dbb6784ac1e8cce709a9,Andel fødsler med keisersnitt,Andel fødsler med keisersnitt,Keisersnitt,NKI,Prosent,Ingen retning,,false,Kvalitet
19746e040698605ae2ba45b100ebd0d0,Gjennomsnittlig antall pasienter på korridor per døgn,Gjennomsnittlig antall pasienter på korridor per døgn,Korridorpasienter på sykehus,NKI,Antall,Lavere er bedre,,false,Kvalitet
90f4be4eeab6a38cd0b87a5fdbd5d455,Andel som får kurativ behandling for lungekreft,Andel som får kurativ behandling for lungekreft,Kurativ behandling av lungekreft,NKI,Prosent,Ingen retning,,false,Kvalitet
1080f914db0a30c31d8782918f342ef0,Andel nye kreftpasienter som inngår i pakkeforløp for 22 kreftformer,Andel nye kreftpasienter som inngår i pakkeforløp for 22 kreftformer,Nye kreftpasienter i pakkeforløp for 22 kreftformer,NKI,Prosent,Ingen retning,,false,Kvalitet
7c66c72b2a898a2ba616eda1d031f191,Antall inngrep for innsetting av totalprotese (hofte),Antall inngrep for innsetting av totalprotese (hofte),Oppfølging av infeksjonsstatus 30 dager etter innsetting av totalprotese (hofte),NKI,Antall,Ingen retning,,false,Kvalitet
c5f38c18cf8b009bdbbf8d6b6c470da9,30 dagers oppfølging av infeksjonsstatus etter aortakoronar bypass,30 dagers oppfølging av infeksjonsstatus etter aortakoronar bypass,Oppfølging av infeksjonsstatus 30 dager etter utført aortakoronar bypass,NKI,Prosent,Ingen retning,,false,Kvalitet
822fdd912bda68725a754c45c94a2d42,Andel pasienter diagnostisert med melanom i stadium T1,Andel pasienter diagnostisert med melanom i stadium T1,Pasienter med melanom som får diagnosen i tidlig stadium,NKI,Prosent,Ingen retning,,false,Kvalitet
11c0976a1e7ad1d8e21ddcd0e89713ec,Organisering,Organisering,Pasienterfaringer med somatiske sykehus,NKI,Ukjent,Ingen retning,,false,Kvalitet
a8f54ba576dcc705eccbadd69fd0a1c7,Andel kirurgier med dype og organ/hulromsinfeksjoner innen 30 dager etter innsetting av hemiprotese (hofte) i perioden,Andel kirurgier med dype og organ/hulromsinfeksjoner innen 30 dager etter innsetting av hemiprotese (hofte) i perioden,Postoperative infeksjoner etter innsetting av hemiprotese (hofte),NKI,Prosent,Ingen retning,,false,Kvalitet
526661b5bea4fe3ee1dbf7e923b6ff85,Sannsynlighet for reinnleggelse av eldre med brudd,Sannsynlighet for reinnleggelse av eldre med brudd,Reinnleggelse innen 30 dager (uansett årsak) etter utskriving fra sykehus for eldre pasienter med brudd,NKI,Prosent,Lavere er bedre,,false,Kvalitet
61190c9b4a289a64fd9ecdde5eea02d2,Sannsynlighet for reinnleggelse av eldre med lungebetennelse,Sannsynlighet for reinnleggelse av eldre med lungebetennelse,Reinnleggelse innen 30 dager (uansett årsak) etter utskriving fra sykehus for eldre pasienter med lungebetennelse,NKI,Prosent,Lavere er bedre,,false,Kvalitet
45515c572481f7c9539fd9c5a2eaf5dd,Andel pasienter med symptomatisk carotisstenose behandlet innen 14 dager etter symptomdebut.,Andel pasienter med symptomatisk carotisstenose behandlet innen 14 dager etter symptomdebut.,Tid fra symptom til behandling av åreforkalkning i halspulsåren,NKI,Prosent,Ingen retning,,false,Kvalitet
b68f7d127c74df311afdd536fb9c018c,Antall pasienter 18 år og over innlagt med blodpropp i hjernen (akutt) som har fått behandling med trombolyse,Antall pasienter 18 år og over innlagt med blodpropp i hjernen (akutt) som har fått behandling med trombolyse,Trombolysebehandling ved blodpropp i hjernen,NKI,Antall,Ingen retning,,false,Kvalitet
0b4459dc2bc6e45a3643871f2821e15f,Antall tvangsinnleggelser som har startet med tvungen observasjon,Antall tvangsinnleggelser som har startet med tvungen observasjon,Tvangsinnleggelser i psykisk helsevern for voksne,NKI,Antall,Ingen retning,,false,Kvalitet
3696a6a48c37853d264c5afe7c368425,Antall pasienter i døgnbehandling med vedtak om enkeltstående bruk av korttidsvirkende legemiddel i måleperioden,Antall pasienter i døgnbehandling med vedtak om enkeltstående bruk av korttidsvirkende legemiddel i måleperioden,Tvangsmiddelbruk i psykisk helsevern for voksne,NKI,Antall,Ingen retning,,false,Kvalitet
e990a5f4609e88fb353aa35934e56a0d,Andel pasienter som har fått blodtrykksbehandling etter hjerneslag,Andel pasienter som har fått blodtrykksbehandling etter hjerneslag,Utfaset - Blodtrykksbehandling etter hjerneslag.,NKI,Prosent,Ingen retning,,true,Kvalitet
5976e743cedc9520d277f4bb6dee5cc8,Antall avsluttede henvisningsperioder registrert med spesifikk kode innen akse 3,Antall avsluttede henvisningsperioder registrert med spesifikk kode innen akse 3,Utfaset - Bruk av spesifikke tilstandskoder i psykisk helsevern for barn og unge,NKI,Antall,Ingen retning,,true,Kvalitet
c676a3225a2b2a35073319c9973bf224,Alle avsluttede henvisningsperioder i tverrfaglig spesialisert rusbehandling med registrert hovedtilstandskode,Alle avsluttede henvisningsperioder i tverrfaglig spesialisert rusbehandling med registrert hovedtilstandskode,Utfaset - Bruk av spesifikke tilstandskoder i tverrfaglig spesialisert rusbehandling,NKI,Ukjent,Ingen retning,,true,Kvalitet
f542ae5ae438bdc2e0b79b87cc868acd,Antall avsluttede henvisningsperioder registrert  med spesifikk kode for hovedtilstand i tverrfaglig spesialisert rusbehandling,Antall avsluttede henvisningsperioder registrert  med spesifikk kode for hovedtilstand i tverrfaglig spesialisert rusbehandling,Utfaset - Bruk av spesifikke tilstandskoder i tverrfaglig spesialisert rusbehandling,NKI,Antall,Ingen retning,,true,Kvalitet
46f599c3f799bb3aa5793cb215987874,Antall pasienter screenet med urinprøve iht. ISPAD retningslinjer (barn fra 11 år med diabetesvarighet over 5 år),Antall pasienter screenet med urinprøve iht. ISPAD retningslinjer (barn fra 11 år med diabetesvarighet over 5 år),Utfaset - Diabetes type 1 hos barn - Nyrefunksjon,NKI,Antall,Ingen retning,,true,Kvalitet
cec61c1578a3578ac67bf07d224c6c45,Totalt antall aortakoronare bypasskirurgier i perioden,Totalt antall aortakoronare bypasskirurgier i perioden,Utfaset - Dype og organ/hulromsinfeksjoner etter gjennomført aortakoronar bypass kirurgi,NKI,Antall,Ingen retning,,true,Kvalitet
ba83854f7d37a3baa93970ee0babaad6,Antall  pasienter som har individuell plan ved utskrivelse,Antall  pasienter som har individuell plan ved utskrivelse,Utfaset - Individuell plan med diagnose schizofreni i psykisk helsevern for voksne (PHV),NKI,Antall,Ingen retning,,true,Kvalitet
f75ca9090f08a3dd0ee81189a81fba71,Antall hjerteinfarkt,Antall hjerteinfarkt,Utfaset - Kransårerøntgen innen anbefalt tid ved hjerteinfarkt,NKI,Antall,Ingen retning,,true,Kvalitet
a3facb508e69431ea6a3966ebc0ce6e3,Andel nye kreftpasienter som inngår i pakkeforløp for blærekreft,Andel nye kreftpasienter som inngår i pakkeforløp for blærekreft,Utfaset - Pakkeforløp for blærekreft,NKI,Prosent,Ingen retning,,true,Kvalitet
04a156fef43d80c9b57f535fb391b1fe,Antall pakkeforløp for brystkreft gjennomført innen maksimal anbefalt forløpstid,Antall pakkeforløp for brystkreft gjennomført innen maksimal anbefalt forløpstid,Utfaset - Pakkeforløp for brystkreft,NKI,Antall,Høyere er bedre,,true,Kvalitet
cf0406792aaac122e132cec78e0d46b0,Andel nye kreftpasienter som inngår i pakkeforløp for bukspyttkjertelkreft,Andel nye kreftpasienter som inngår i pakkeforløp for bukspyttkjertelkreft,Utfaset - Pakkeforløp for bukspyttkjertelkreft,NKI,Prosent,Ingen retning,,true,Kvalitet
9eee7917afd76f3eee363101d9eb5539,Antall pakkeforløp for eggstokkreft gjennomført innen maksimal anbefalt forløpstid,Antall pakkeforløp for eggstokkreft gjennomført innen maksimal anbefalt forløpstid,Utfaset - Pakkeforløp for eggstokkreft,NKI,Antall,Høyere er bedre,,true,Kvalitet
8eb637235a3c9700edc26cd8852b7b5a,"Andel pakkeforløp for lungekreft gjennomført innen standardforløpstid, strålebehandling","Andel pakkeforløp for lungekreft gjennomført innen standardforløpstid, strålebehandling",Utfaset - Pakkeforløp for lungekreft,NKI,Prosent,Høyere er bedre,,true,Kvalitet
0f012534997ba048d9b94dfcc44ff90d,Totalt antall pakkeforløp for lungekreft med strålebehandling behandling,Totalt antall pakkeforløp for lungekreft med strålebehandling behandling,Utfaset - Pakkeforløp for lungekreft,NKI,Antall,Ingen retning,,true,Kvalitet
f18abaf5dfdfba511f85d3198cf46e99,Andel pakkeforløp for peniskreft gjennomført innen maksimal anbefalt forløpstid,Andel pakkeforløp for peniskreft gjennomført innen maksimal anbefalt forløpstid,Utfaset - Pakkeforløp for peniskreft,NKI,Prosent,Høyere er bedre,,true,Kvalitet
03a085969a290342a01dfa0a17868979,Totalt antall kreftpasienter som inngår i pakkeforløp for peniskreft,Totalt antall kreftpasienter som inngår i pakkeforløp for peniskreft,Utfaset - Pakkeforløp for peniskreft,NKI,Antall,Ingen retning,,true,Kvalitet
6aa1dca66c9a5fb12d9c6170d1944e0a,Antall pakkeforløp for prostatakreft med kirurgisk behandling gjennomført innen standardforløpstid,Antall pakkeforløp for prostatakreft med kirurgisk behandling gjennomført innen standardforløpstid,Utfaset - Pakkeforløp for prostatakreft,NKI,Antall,Høyere er bedre,,true,Kvalitet
3e971d3e2bc2acee3de931fa4933bbf4,Totalt antall pakkeforløp for prostatakreft med strålebehandling,Totalt antall pakkeforløp for prostatakreft med strålebehandling,Utfaset - Pakkeforløp for prostatakreft,NKI,Antall,Ingen retning,,true,Kvalitet
d3828e640525919f5ded8c81186da520,Totalt antall pakkeforløp for prostatakreft som er avsluttet i perioden,Totalt antall pakkeforløp for prostatakreft som er avsluttet i perioden,Utfaset - Pakkeforløp for prostatakreft,NKI,Antall,Ingen retning,,true,Kvalitet
98090e0b901ec1608d67d2affbc9867b,Totalt antall kreftpasienter som inngår i pakkeforløp for tykk- og endetarmskreft,Totalt antall kreftpasienter som inngår i pakkeforløp for tykk- og endetarmskreft,Utfaset - Pakkeforløp for tykk- og endetarmskreft,NKI,Antall,Ingen retning,,true,Kvalitet
270b489ef8ee8c5cbfd969be3baeed31,Andel pasienter som har blitt testet vedrørende svelgefunksjon etter hjerneslag,Andel pasienter som har blitt testet vedrørende svelgefunksjon etter hjerneslag,Vurdering og testing av svelgefunksjon etter hjerneslag.,NKI,Prosent,Ingen retning,,false,Kvalitet
a293e1af9d7986e5165d70b5d99f838f,ANT_DOGNOPP,Antall døgnopphold,Aktivitet i spesialisthelsetjenesten,NPR,Antall,Ingen retning,,false,Aktivitet
a2d127624a4f148964b445d466a6b76e,Antall pasienter med diabetes type 1 som har HbA1c-verdi større eller lik 75 mmol/mol siste år.,Antall pasienter med diabetes type 1 som har HbA1c-verdi større eller lik 75 mmol/mol siste år.,Blodsukkerregulering ved type 1 diabetes hos voksne,NKI,Antall,Ingen retning,,false,Kvalitet
b4f0a83f8a61c8bc318af6d561339a30,"Andel pasienter med dårlig regulert diabetes, HbA1c >= 75 mmol/mol","Andel pasienter med dårlig regulert diabetes, HbA1c >= 75 mmol/mol",Diabetes type 1 hos barn - Blodsukkerregulering,NKI,Prosent,Ingen retning,,false,Kvalitet
e64da5e07552da543a205a49f52cac55,Totalt antall avsluttede pasientforløp i PHV,Totalt antall avsluttede pasientforløp i PHV,Epikrisetid ved utskrivning fra døgnbehandling i psykisk helsevern for voksne,NKI,Antall,Ingen retning,,false,Kvalitet
6cfe324b793cf4ead2237d719875f4f7,Karbapenemer - DDD per 100 liggedøgn,Karbapenemer - DDD per 100 liggedøgn,Forbruk av et utvalg bredspektrede antibiotika i sykehus,NKI,Ukjent,Ingen retning,,false,Kvalitet
b3c12e65d1e93a1402a1c812dc733ffd,Antall store rifter blant alle vaginalt fødende,Antall store rifter blant alle vaginalt fødende,Forekomst av fødselsrifter,NKI,Antall,Ingen retning,,false,Kvalitet
925fa10f4d88e8e0efd5e786a71ce6a5,Andel fristbrudd for pasienter som har påbegynt helsehjelp i TSB,Andel fristbrudd for pasienter som har påbegynt helsehjelp i TSB,Fristbrudd for pasienter som har påbegynt helsehjelp i tverrfaglig spesialisert rusbehandling,NKI,Prosent,Lavere er bedre,,false,Kvalitet
9800fc76cb969dbf7ce2b64b2e89f560,Antall fristbrudd for pasienter som har påbegynt helsehjelp i TSB,Antall fristbrudd for pasienter som har påbegynt helsehjelp i TSB,Fristbrudd for pasienter som har påbegynt helsehjelp i tverrfaglig spesialisert rusbehandling,NKI,Antall,Lavere er bedre,,false,Kvalitet
412e741ffa994a6f88f4f6c1001e5453,Alle førstegangsfødende,Alle førstegangsfødende,Fødsler uten større inngrep og komplikasjoner,NKI,Ukjent,Ingen retning,,false,Kvalitet
bfdd959d5ff6c61d486f23ee82013e5e,Andel pasienter med akutt hjerneslag som har fått tverrfaglig funksjonsvurdering innen 7 dager,Andel pasienter med akutt hjerneslag som har fått tverrfaglig funksjonsvurdering innen 7 dager,Gjennomført tverrfaglig funksjonsvurdering innen anbefalt tid etter hjerneslag,NKI,Prosent,Ingen retning,,false,Kvalitet
ce85dc32387edfa0e84e5bf191ed51d0,Antall hjertestanser hvor tilstedeværende har startet hjerte-lungeredning før ambulansen ankommer,Antall hjertestanser hvor tilstedeværende har startet hjerte-lungeredning før ambulansen ankommer,Hjerte-lungeredning før ambulansen kommer frem til en hjertestans,NKI,Antall,Ingen retning,,false,Kvalitet
58d564c96981dbea2527c2938780d91d,Antall keisersnitt,Antall keisersnitt,Keisersnitt,NKI,Antall,Ingen retning,,false,Kvalitet
822dc74b21830e58dd37b0e56e52fb66,Totalt antall fødende kvinner i perioden,Totalt antall fødende kvinner i perioden,Keisersnitt,NKI,Antall,Ingen retning,,false,Kvalitet
397d73a2046f11dcbba41f3ac7ba8fba,Totalt antall pasienter med carotisstenose,Totalt antall pasienter med carotisstenose,Legemiddelbehandling i tråd med nasjonale retningslinjer etter operasjon for innsnevring av halspulsåren (carotisstenose),NKI,Antall,Ingen retning,,false,Kvalitet
58e253b42e922c52a6640bf37c06608f,Andel som mottar legemiddelbehandling etter operasjon for trange blodårer til beina,Andel som mottar legemiddelbehandling etter operasjon for trange blodårer til beina,Legemiddelbehandling i tråd med nasjonale retningslinjer etter operasjon for trange blodårer til beina (åreforkalkning),NKI,Prosent,Ingen retning,,false,Kvalitet
bf9cad336e99c05e4f2f7a8487314453,"Antall 24 organspesifikke kreft pakkeforløp gjennomført innen standardforløpstid, strålebehandling","Antall 24 organspesifikke kreft pakkeforløp gjennomført innen standardforløpstid, strålebehandling",Pakkeforløp for 24 organspesifikke kreftformer,NKI,Antall,Høyere er bedre,,false,Kvalitet
2b91ef45627cc62cf941bf9c8da4cdb9,Sannsynlighet for reinnleggelse av eldre pasienter ved somatiske sykehus,Sannsynlighet for reinnleggelse av eldre pasienter ved somatiske sykehus,Reinnleggelse innen 30 dager (uansett årsak) etter utskriving fra sykehus for eldre pasienter,NKI,Prosent,Lavere er bedre,,false,Kvalitet
e9916a0437135c7bb3de3181d10dccc0,Andel flergangsfødende (Robson 3) som er medikamentelt ristimulert,Andel flergangsfødende (Robson 3) som er medikamentelt ristimulert,Ristimulering under fødsel,NKI,Prosent,Ingen retning,,false,Kvalitet
ff6b5970750100c23f424263912c30f8,90-percentilet fra 113-oppringning til ambulansen er på hendelsesstedet i akutte hendelser i tettbygde strøk (minutter),90-percentilet fra 113-oppringning til ambulansen er på hendelsesstedet i akutte hendelser i tettbygde strøk (minutter),Tid fra AMK varsles til ambulanse er på hendelsessted (AMK-område),NKI,Ukjent,Ingen retning,,false,Kvalitet
7eee0701122e66e024a879dba6044201,Andel med nydiagnostisert attakkvis MS som starter sykdomsmodulerende behandling,Andel med nydiagnostisert attakkvis MS som starter sykdomsmodulerende behandling,Tidlig høyeffektiv behandling ved multippel sklerose,NKI,Prosent,Ingen retning,,false,Kvalitet
01aadefbfdbd38f07eae1ffa1a295cc6,Totalt antall pasienter med blodpropp i hjernen (akutt),Totalt antall pasienter med blodpropp i hjernen (akutt),Trombolysebehandling ved blodpropp i hjernen,NKI,Antall,Ingen retning,,false,Kvalitet
1237f922581370f0594a506a8471d7b4,Antall diabetespasienter med kun amputasjoner under ankel (minor),Antall diabetespasienter med kun amputasjoner under ankel (minor),Underekstremitetsamputasjoner blant pasienter med diabetes,NKI,Antall,Ingen retning,,false,Kvalitet
c684ca2a0a515690b05ae2beb5cbdd6b,Antall epikriser sendt innen 7 dager,Antall epikriser sendt innen 7 dager,Utfaset - Epikrisetid ved utskrivning fra døgnbehandling i psykisk helse for voksne,NKI,Antall,Høyere er bedre,,true,Kvalitet
8e4df91193d22926fd3e7e047420cfd1,Andel epikriser sendt innen 7 dager etter utskrivning fra TSB,Andel epikriser sendt innen 7 dager etter utskrivning fra TSB,Utfaset - Epikrisetid ved utskrivning fra døgnbehandling i tverrfaglig spesialisert rusbehandling,NKI,Prosent,Høyere er bedre,,true,Kvalitet
dca1c1f71e7be540adc9c4bc2c514a95,Alle pasienter med hjerneinfarkt utskrevet i live fra samme sykehus i perioden,Alle pasienter med hjerneinfarkt utskrevet i live fra samme sykehus i perioden,Utfaset - Lipidsenkende behandling etter hjerneinfarkt,NKI,Ukjent,Ingen retning,,true,Kvalitet
43cffc4b5d92c4bacf331a113c3cc5f1,Andel pakkeforløp for brystkreft gjennomført innen maksimal anbefalt forløpstid,Andel pakkeforløp for brystkreft gjennomført innen maksimal anbefalt forløpstid,Utfaset - Pakkeforløp for brystkreft,NKI,Prosent,Høyere er bedre,,true,Kvalitet
43b878845d61a1c1b2c40c3300879fdb,Totalt antall pakkeforløp for livmorhalskreft som er avsluttet i perioden,Totalt antall pakkeforløp for livmorhalskreft som er avsluttet i perioden,Utfaset - Pakkeforløp for livmorhalskreft,NKI,Antall,Ingen retning,,true,Kvalitet
5a2f06d3394f4c3298f98fdf23485530,Antall pakkeforløp for lungekreft med kirurgisk behandling  gjennomført innen standardforløpstid,Antall pakkeforløp for lungekreft med kirurgisk behandling  gjennomført innen standardforløpstid,Utfaset - Pakkeforløp for lungekreft,NKI,Antall,Høyere er bedre,,true,Kvalitet
bc95e18189b9cb0ef793d047d490f3f1,Antall pakkeforløp for lungekreft med strålebehandling gjennomført innen standardforløpstid,Antall pakkeforløp for lungekreft med strålebehandling gjennomført innen standardforløpstid,Utfaset - Pakkeforløp for lungekreft,NKI,Antall,Høyere er bedre,,true,Kvalitet
b2b021e6230c5b7acedf79263dc98774,Antall pakkeforløp for malignt melanom gjennomført innen maksimal anbefalt forløpstid,Antall pakkeforløp for malignt melanom gjennomført innen maksimal anbefalt forløpstid,Utfaset - Pakkeforløp for malignt melanom,NKI,Antall,Høyere er bedre,,true,Kvalitet
85bb3ead26975964825076a49fca9dfc,Andel nye kreftpasienter som inngår i pakkeforløp for nyrekreft,Andel nye kreftpasienter som inngår i pakkeforløp for nyrekreft,Utfaset - Pakkeforløp for nyrekreft,NKI,Prosent,Ingen retning,,true,Kvalitet
3b5cd84e4f07d18b153ef39bc31a7c96,Antall brudd på vurderingsgarantien i PHV,Antall brudd på vurderingsgarantien i PHV,Brudd på vurderingsgarantien i psykisk helsevern for voksne,NKI,Antall,Ingen retning,,false,Kvalitet
e45746213b0bcc4eee5a2829d0e54d1c,Antall levende barn,Antall levende barn,Dødelighet i nyfødtperioden,NKI,Antall,Ingen retning,,false,Kvalitet
22858197c680bdcf6fcdea492d82fabe,Totalt antall avsluttede pasientforløp i somatikk,Totalt antall avsluttede pasientforløp i somatikk,Epikrisetid ved utskriving fra somatisk helsetjeneste,NKI,Antall,Ingen retning,,false,Kvalitet
5c392d7c426163efca71d483d3a12fbe,Antall liggedøgn,Antall liggedøgn,Forbruk av et utvalg bredspektrede antibiotika i sykehus,NKI,Antall,Ingen retning,,false,Kvalitet
c7b5a242be7c85a41917cdc620cadca9,Antall pasienter som har blitt utredet innen anbefalt forløpstid,Antall pasienter som har blitt utredet innen anbefalt forløpstid,Forløpstid for utredning i psykisk helsevern barn og unge,NKI,Antall,Ingen retning,,false,Kvalitet
cb072c2f52b72332043920e843bfb505,Gjennomsnittlig ventetid i PHV i antall dager,Gjennomsnittlig ventetid i PHV i antall dager,Gjennomsnittlig og median ventetid i psykisk helsevern for voksne,NKI,Dager,Lavere er bedre,40.0,false,Kvalitet
2f0dfb77e02a439ca444087777dac9c6,Totalt antall liggedøgn,Totalt antall liggedøgn,Korridorpasienter på sykehus,NKI,Antall,Ingen retning,,false,Kvalitet
93813f8ace6bda9c6fc41822e3ae5d30,Antall inngrep for fjerning av galleblære,Antall inngrep for fjerning av galleblære,Oppfølging av infeksjonsstatus 30 dager etter fjerning av galleblære (kolecystektomi),NKI,Antall,Ingen retning,,false,Kvalitet
8aa48af9149c1cb739abd4204522e62f,"Antall 24 organspesifikke kreft pakkeforløp gjennomført innen standard forløpstid, kirurgisk behandling","Antall 24 organspesifikke kreft pakkeforløp gjennomført innen standard forløpstid, kirurgisk behandling",Pakkeforløp for 24 organspesifikke kreftformer,NKI,Antall,Høyere er bedre,,false,Kvalitet
203637381411ac4fc1f28c1bc7fd82c8,"Totalt antall 24 organspesifikke kreft pakkeforløp, kirurgisk behandling","Totalt antall 24 organspesifikke kreft pakkeforløp, kirurgisk behandling",Pakkeforløp for 24 organspesifikke kreftformer,NKI,Antall,Ingen retning,,false,Kvalitet
b3f030e5a7594116e8ddb53a682f3180,Pleiepersonalet,Pleiepersonalet,Pasienterfaringer med somatiske sykehus,NKI,Ukjent,Ingen retning,,false,Kvalitet
3b5bbfe842cd1282c41842da2c7e298b,Standard,Standard,Pasienterfaringer med somatiske sykehus,NKI,Ukjent,Ingen retning,,false,Kvalitet
8ceadc47ff4cdff0a7c945cccaaf1a7e,Ventetid for elektive pasienter,Ventetid for elektive pasienter,Pasienterfaringer med somatiske sykehus,NKI,Dager,Lavere er bedre,,false,Kvalitet
f92e91edba06bec4fec8bbeb0a634511,Totalt antall totalprotesekirurgier (hofte) utført i perioden,Totalt antall totalprotesekirurgier (hofte) utført i perioden,Postoperative infeksjoner etter innsetting av totalprotese (hofte),NKI,Antall,Ingen retning,,false,Kvalitet
ffa5812bf66fd281089723c743a0b884,Andel pasienter i døgnbehandling med minst ett tvangsmiddelvedtak i måleperioden,Andel pasienter i døgnbehandling med minst ett tvangsmiddelvedtak i måleperioden,Tvangsmiddelbruk i psykisk helsevern for voksne,NKI,Prosent,Ingen retning,,false,Kvalitet
eed60a813a5c432b5f06564461e5e5d8,Andel pasienter som fikk målt LDL-kolesterol på årskontroll,Andel pasienter som fikk målt LDL-kolesterol på årskontroll,Utfaset - Diabetes type 1 hos barn - LDL-kolesterol,NKI,Prosent,Ingen retning,,true,Kvalitet
07482a7aecf537d8fde4ba8df71f5575,Andel pasienter med mikroalbuminuri i minst en urinprøve,Andel pasienter med mikroalbuminuri i minst en urinprøve,Utfaset - Diabetes type 1 hos barn - Nyrefunksjon,NKI,Prosent,Ingen retning,,true,Kvalitet
b1de70d8d6f04aa387157881039a84db,Antall epikriser sendt innen 7 dager,Antall epikriser sendt innen 7 dager,Utfaset - Epikrisetid ved utskrivning fra døgnbehandling i tverrfaglig spesialisert rusbehandling,NKI,Antall,Høyere er bedre,,true,Kvalitet
6986ed086487fc3dc0a7428be9ce5fb1,"Andel oppdaterte ventetider på Velg behandlingssted innen habilitering, voksne","Andel oppdaterte ventetider på Velg behandlingssted innen habilitering, voksne",Utfaset - Oppdaterte ventetider i Velg behandlingssted,NKI,Prosent,Lavere er bedre,,true,Kvalitet
d30900d66015e4477fab4a0280037daa,"Andel pakkeforløp for brystkreft innen standardforløpstid, kirurgisk behandling","Andel pakkeforløp for brystkreft innen standardforløpstid, kirurgisk behandling",Utfaset - Pakkeforløp for brystkreft,NKI,Prosent,Ingen retning,,true,Kvalitet
c5da506983ed970aceaf9dbaaee4c97a,Antall nye kreftpasienter som inngår i pakkeforløp for brystkreft,Antall nye kreftpasienter som inngår i pakkeforløp for brystkreft,Utfaset - Pakkeforløp for brystkreft,NKI,Antall,Ingen retning,,true,Kvalitet
23ae0f007fbac14b7b8f4835732dec9a,Antall nye kreftpasienter som inngår i pakkeforløp for bukspyttkjertelkreft,Antall nye kreftpasienter som inngår i pakkeforløp for bukspyttkjertelkreft,Utfaset - Pakkeforløp for bukspyttkjertelkreft,NKI,Antall,Ingen retning,,true,Kvalitet
19fba2d2cca10e88035ef78133f6944d,Total antall pakkeforløp for lungekreft som er avsluttet i perioden,Total antall pakkeforløp for lungekreft som er avsluttet i perioden,Utfaset - Pakkeforløp for lungekreft,NKI,Antall,Ingen retning,,true,Kvalitet
f9e37e19f07d7650a0366efea1cc5d59,Totalt antall pakkeforløp for lungekreft med kirurgisk behandling,Totalt antall pakkeforløp for lungekreft med kirurgisk behandling,Utfaset - Pakkeforløp for lungekreft,NKI,Antall,Ingen retning,,true,Kvalitet
e42ca2fef00871ab181a4bd6f0bf3cb0,Andel nye kreftpasienter som inngår i pakkeforløp for lymfom,Andel nye kreftpasienter som inngår i pakkeforløp for lymfom,Utfaset - Pakkeforløp for lymfom,NKI,Prosent,Ingen retning,,true,Kvalitet
2d308e0de08ed58d064f15cdc93141a0,Andel nye kreftpasienter som inngår i pakkeforløp for primær leverkreft,Andel nye kreftpasienter som inngår i pakkeforløp for primær leverkreft,Utfaset - Pakkeforløp for primær leverkreft,NKI,Prosent,Ingen retning,,true,Kvalitet
92cb6db2fed30e7c70e86f8bde46b81b,Andel nye kreftpasienter som inngår i pakkeforløp for prostatakreft,Andel nye kreftpasienter som inngår i pakkeforløp for prostatakreft,Utfaset - Pakkeforløp for prostatakreft,NKI,Prosent,Ingen retning,,true,Kvalitet
5fce41a05226699bfcf35b667a56a446,"Andel pakkeforløp for prostatakreft gjennomført innen standardforløpstid, overvåking uten behandling","Andel pakkeforløp for prostatakreft gjennomført innen standardforløpstid, overvåking uten behandling",Utfaset - Pakkeforløp for prostatakreft,NKI,Prosent,Høyere er bedre,,true,Kvalitet
8ef37acccffed2a5e4189468082ab885,Antall pakkeforløp for prostatakreft gjennomført innen maksimal anbefalt forløpstid,Antall pakkeforløp for prostatakreft gjennomført innen maksimal anbefalt forløpstid,Utfaset - Pakkeforløp for prostatakreft,NKI,Antall,Høyere er bedre,,true,Kvalitet
d819d41b053827b72a387de81c6c4625,Totalt antall pakkeforløp for testikkelkreft som er avsluttet i perioden,Totalt antall pakkeforløp for testikkelkreft som er avsluttet i perioden,Utfaset - Pakkeforløp for testikkelkreft,NKI,Antall,Ingen retning,,true,Kvalitet
b8cc0b3a2b87d22e2b8ba2b46f544b74,Andel vellykkede gjenopplivninger av pasienter med hjertestans,Andel vellykkede gjenopplivninger av pasienter med hjertestans,Vellykket gjenopplivning etter hjertestans,NKI,Prosent,Ingen retning,,false,Kvalitet
0f8f0f6cf6a1580d1938ab49abe03450,ANT_PAS,Antall pasienter,Aktivitet i spesialisthelsetjenesten,NPR,Antall,Ingen retning,,false,Aktivitet
820a4b707d219c7a9286bd9b320cf79c,Andel brudd på vurderingsgarantien i TSB,Andel brudd på vurderingsgarantien i TSB,Brudd på vurderingsgarantien i tverrfaglig spesialisert rusbehandling,NKI,Prosent,Ingen retning,,false,Kvalitet
7c620dd98acb3a810856ac33275e14cd,Andel pasienter innlagt på sykehus for diabetisk ketoacidose (DKA) registrert på årskontroll,Andel pasienter innlagt på sykehus for diabetisk ketoacidose (DKA) registrert på årskontroll,Diabetes type 1 hos barn - Alvorlige akutte komplikasjoner,NKI,Prosent,Ingen retning,,false,Kvalitet
6f99315c07990920af4f52091e1cc017,Andel avsluttede pasientforløp i somatikk hvor epikrise sendes innen 1 dag,Andel avsluttede pasientforløp i somatikk hvor epikrise sendes innen 1 dag,Epikrisetid ved utskriving fra somatisk helsetjeneste,NKI,Prosent,Høyere er bedre,70.0,false,Kvalitet
a047f0fd5182fa868b854b4047fa2d62,Antall avsluttede pasientforløp i TSB hvor epikrise sendes innen 1 dag,Antall avsluttede pasientforløp i TSB hvor epikrise sendes innen 1 dag,Epikrisetid ved utskrivning fra døgnbehandling i TSB,NKI,Antall,Høyere er bedre,,false,Kvalitet
830cb4d96f6333c39c5c8bbb2d8d01c5,Antall fristbrudd for pasienter som har påbegynt helsehjelp i PHBU,Antall fristbrudd for pasienter som har påbegynt helsehjelp i PHBU,Fristbrudd for pasienter som har påbegynt helsehjelp i psykisk helsevern for barn og unge,NKI,Antall,Lavere er bedre,,false,Kvalitet
badd6f3ad37a71027516ea815d776dc6,Andel fristbrudd for pasienter som har påbegynt helsehjelp i somatisk helsetjeneste,Andel fristbrudd for pasienter som har påbegynt helsehjelp i somatisk helsetjeneste,Fristbrudd for pasienter som har påbegynt helsehjelp i somatisk helse,NKI,Prosent,Lavere er bedre,,false,Kvalitet
9628318b05eca66d85bc3dbe444e3ddb,Gjennomsnittlig ventetid i somatikk i antall dager,Gjennomsnittlig ventetid i somatikk i antall dager,Gjennomsnittlig og median ventetid i somatisk helse,NKI,Dager,Lavere er bedre,50.0,false,Kvalitet
4c14db180840db6207f74139187e8947,Antall operasjoner innen 48 timer,Antall operasjoner innen 48 timer,Hoftebrudd operert innen 24 timer og 48 timer,NKI,Antall,Ingen retning,,false,Kvalitet
5f7bf880f63602c38680ef1d569dd888,Antall fødsler totalt,Antall fødsler totalt,Igangsetting av fødsel,NKI,Antall,Ingen retning,,false,Kvalitet
be6e8507f7094b830549ae801fcd1634,Antall nye kreftpasienter som inngår i pakkeforløp for 22 kreftformer,Antall nye kreftpasienter som inngår i pakkeforløp for 22 kreftformer,Nye kreftpasienter i pakkeforløp for 22 kreftformer,NKI,Antall,Ingen retning,,false,Kvalitet
e91953dba5afeab3d71c58abb5ae0c22,30 dagers oppfølging av infeksjonsstatus etter fjerning av galleblære,30 dagers oppfølging av infeksjonsstatus etter fjerning av galleblære,Oppfølging av infeksjonsstatus 30 dager etter fjerning av galleblære (kolecystektomi),NKI,Prosent,Ingen retning,,false,Kvalitet
cc078393c9e3a3ab9f7ee5787f5cae2a,Andel aortakoronare bypasskirurgier med overfladiske infeksjoner innen 30 dager etter kirurgi i perioden,Andel aortakoronare bypasskirurgier med overfladiske infeksjoner innen 30 dager etter kirurgi i perioden,Postoperative infeksjoner etter aortakoronar bypasskirurgi,NKI,Prosent,Ingen retning,,false,Kvalitet
34c9a6256343f22e8bfac70344a2b275,Andel kirurgier med overfladiske infeksjoner etter innsetting av totalprotese (hofte) i perioden,Andel kirurgier med overfladiske infeksjoner etter innsetting av totalprotese (hofte) i perioden,Postoperative infeksjoner etter innsetting av totalprotese (hofte),NKI,Prosent,Ingen retning,,false,Kvalitet
a5ccd4a667128807735fde028ed8bf85,Sannsynlighet for reinnleggelse av eldre med hjerneslag,Sannsynlighet for reinnleggelse av eldre med hjerneslag,Reinnleggelse innen 30 dager (uansett årsak) etter utskriving fra sykehus for eldre pasienter med hjerneslag,NKI,Prosent,Lavere er bedre,,false,Kvalitet
40d41a88be3d26cfcc627b550bd0b44d,Sannsynlighet for reinnleggelse av eldre med hjertesvikt,Sannsynlighet for reinnleggelse av eldre med hjertesvikt,Reinnleggelse innen 30 dager (uansett årsak) etter utskriving fra sykehus for eldre pasienter med hjertesvikt,NKI,Prosent,Lavere er bedre,,false,Kvalitet
c7b4cc018ef0a483fd7234805a50707b,Antall akutte hendelser hvor det sendes ambulansebil i grisgrendt strøk,Antall akutte hendelser hvor det sendes ambulansebil i grisgrendt strøk,Tid fra AMK varsles til ambulanse er på hendelsessted (AMK-område),NKI,Antall,Ingen retning,,false,Kvalitet
9a63fbd68d5f25e36691fc4d8e8cc144,Antall akutte hendelser i tettbygd strøk hvor ambulansen er på hendelsesstedet innen 12 minutter,Antall akutte hendelser i tettbygd strøk hvor ambulansen er på hendelsesstedet innen 12 minutter,Tid fra AMK varsles til ambulanse er på hendelsessted (AMK-område),NKI,Antall,Ingen retning,,false,Kvalitet
f84edc9761477625bc75ddd2d32d058f,Andel nyfødte med Apgar skår < 7 etter 5 minutter,Andel nyfødte med Apgar skår < 7 etter 5 minutter,Tilstand nyfødte barn,NKI,Prosent,Ingen retning,,false,Kvalitet
8b6b363346585824d9a8b62ddd7f918f,Andel pasienter med atrieflimmer utskrevet med blodfortynnende medikamenter etter hjerneinfarkt,Andel pasienter med atrieflimmer utskrevet med blodfortynnende medikamenter etter hjerneinfarkt,Utfaset - Blodfortynnende behandling etter hjerneinfarkt hos pasienter med atrieflimmer,NKI,Prosent,Ingen retning,,true,Kvalitet
d1d013d88d349f7a3a3934e0047140f1,Andel kirurgier med dype og organ/hulromsinfeksjoner innen 30 dager etter innsetting av hemiprotese (hofte) i perioden,Andel kirurgier med dype og organ/hulromsinfeksjoner innen 30 dager etter innsetting av hemiprotese (hofte) i perioden,Utfaset - Dype og organ/hulromsinfeksjoner etter innsetting av hemiprotese (hofte),NKI,Prosent,Ingen retning,,true,Kvalitet
ceb96de95c565681a6d13e1cbf662680,Antall nye kreftpasienter som inngår i pakkeforløp for blærekreft,Antall nye kreftpasienter som inngår i pakkeforløp for blærekreft,Utfaset - Pakkeforløp for blærekreft,NKI,Antall,Ingen retning,,true,Kvalitet
28b6412017369ab4e87ca7ebc54a3899,Andel nye kreftpasienter som inngår i pakkeforløp for brystkreft,Andel nye kreftpasienter som inngår i pakkeforløp for brystkreft,Utfaset - Pakkeforløp for brystkreft,NKI,Prosent,Ingen retning,,true,Kvalitet
994874eb10920beb483e9cb8e2aa06f3,Andel pakkeforløp for kreft hos barn gjennomført innen maksimal anbefalt forløpstid,Andel pakkeforløp for kreft hos barn gjennomført innen maksimal anbefalt forløpstid,Utfaset - Pakkeforløp for kreft hos barn,NKI,Prosent,Høyere er bedre,,true,Kvalitet
5fe8cec4560f15e6aec388e15fdda396,Totalt antall pakkeforløp for kreft i skjoldbruskkjertelen som er avsluttet i perioden,Totalt antall pakkeforløp for kreft i skjoldbruskkjertelen som er avsluttet i perioden,Utfaset - Pakkeforløp for kreft i skjoldbruskkjertelen,NKI,Antall,Ingen retning,,true,Kvalitet
72e964dfaa87d0a82d6dfbd9a620c2ef,Antall pakkeforløp for livmorhalskreft gjennomført innen maksimal anbefalt forløpstid,Antall pakkeforløp for livmorhalskreft gjennomført innen maksimal anbefalt forløpstid,Utfaset - Pakkeforløp for livmorhalskreft,NKI,Antall,Høyere er bedre,,true,Kvalitet
8e61e569e2265314cb3f8ce72f650d80,Andel nye kreftpasienter som inngår i pakkeforløp for lungekreft,Andel nye kreftpasienter som inngår i pakkeforløp for lungekreft,Utfaset - Pakkeforløp for lungekreft,NKI,Prosent,Ingen retning,,true,Kvalitet
b61af2db555d461f195ec6282fab20ff,Totalt antall pakkeforløp for myelomatose som er avsluttet i perioden,Totalt antall pakkeforløp for myelomatose som er avsluttet i perioden,Utfaset - Pakkeforløp for myelomatose,NKI,Antall,Ingen retning,,true,Kvalitet
62688b51e3c2feb4fa07aaaee81412d6,Antall nye kreftpasienter som inngår i pakkeforløp for nyrekreft,Antall nye kreftpasienter som inngår i pakkeforløp for nyrekreft,Utfaset - Pakkeforløp for nyrekreft,NKI,Antall,Ingen retning,,true,Kvalitet
7a0b0b2295cf3f6d95971335ab302428,Antall pakkeforløp for prostatakreft med strålebehandling gjennomført innen standardforløpstid,Antall pakkeforløp for prostatakreft med strålebehandling gjennomført innen standardforløpstid,Utfaset - Pakkeforløp for prostatakreft,NKI,Antall,Høyere er bedre,,true,Kvalitet
182f810a202d3df434c8b134863f60cb,"Andel pakkeforløp for tykk- og endetarmskreft gjennomført innen standardforløpstid, strålebehandling","Andel pakkeforløp for tykk- og endetarmskreft gjennomført innen standardforløpstid, strålebehandling",Utfaset - Pakkeforløp for tykk- og endetarmskreft,NKI,Prosent,Høyere er bedre,,true,Kvalitet
6ef722f18e2528047e5b916304c2ded8,Antall barn og unge under 23 år som har rett til helsehjelp,Antall barn og unge under 23 år som har rett til helsehjelp,"Barne- og ungdomsgarantien, andel startet helsehjelp innen 65 dager",NKI,Antall,Ingen retning,,false,Kvalitet
e8b200bd7c7f5281d2c343f4fff03053,Totalt antall nyhenviste,Totalt antall nyhenviste,Brudd på vurderingsgarantien i tverrfaglig spesialisert rusbehandling,NKI,Antall,Ingen retning,,false,Kvalitet
ed57c576c33da5cd57f38990c1ccd439,Andel pasienter med HbA1c < 53 mmol/mol,Andel pasienter med HbA1c < 53 mmol/mol,Diabetes type 1 hos barn - Blodsukkerregulering,NKI,Prosent,Ingen retning,,false,Kvalitet
d8f41817dee5446454bbd219aa84f6c9,Gjennomsnittlig HbA1c mmol/mol,Gjennomsnittlig HbA1c mmol/mol,Diabetes type 1 hos barn - Blodsukkerregulering,NKI,Ukjent,Ingen retning,,false,Kvalitet
f934af6de7ae06e64e0fc4a1a4a3b343,Antall barn som dør 0-27 dager (neonatalt døde) etter fødsel,Antall barn som dør 0-27 dager (neonatalt døde) etter fødsel,Dødelighet i nyfødtperioden,NKI,Antall,Ingen retning,,false,Kvalitet
cac582d1ea0970409f1860d57d437d36,Andel avsluttede pasientforløp i PHV hvor epikrise sendes innen 1 dag,Andel avsluttede pasientforløp i PHV hvor epikrise sendes innen 1 dag,Epikrisetid ved utskrivning fra døgnbehandling i psykisk helsevern for voksne,NKI,Prosent,Høyere er bedre,70.0,false,Kvalitet
15f5fa8df681cb0dfb3466f7078c124d,Antall pasienter som har blitt utredet innen anbefalt forløpstid,Antall pasienter som har blitt utredet innen anbefalt forløpstid,Forløpstid for utredning i psykisk helsevern for voksne,NKI,Antall,Ingen retning,,false,Kvalitet
9fec79e64fd479a7d921267ea60aa536,Andel pasienter som har blitt utredet innen anbefalt forløpstid,Andel pasienter som har blitt utredet innen anbefalt forløpstid,Forløpstid for utredning i tverrfaglig spesialisert rusbehandling (TSB),NKI,Prosent,Ingen retning,,false,Kvalitet
6f9927d1ed4601a9832c7695900d74a5,Totalt antall pasienter som inngår i målingen,Totalt antall pasienter som inngår i målingen,Forløpstid for utredning i tverrfaglig spesialisert rusbehandling (TSB),NKI,Antall,Ingen retning,,false,Kvalitet
a2e482bf1a32a3883d0b7c52566c1338,Andel gjennomførte diagnostiske pakkeforløp innen maksimal anbefalt forløpstid,Andel gjennomførte diagnostiske pakkeforløp innen maksimal anbefalt forløpstid,Gjennomføring av diagnostisk pakkeforløp innen maksimal anbefalt forløpstid,NKI,Prosent,Høyere er bedre,,false,Kvalitet
a1152454b7ae62bd7d5761fdc1d923fd,Totalt antall påbegynt helsehjelp i somatikk,Totalt antall påbegynt helsehjelp i somatikk,Gjennomsnittlig og median ventetid i somatisk helse,NKI,Antall,Ingen retning,,false,Kvalitet
039875e390ef3b51c4c336f2a7d8f473,Totalt antall pasienter under 80 år diagnostisert med lavrisiko prostatakreft,Totalt antall pasienter under 80 år diagnostisert med lavrisiko prostatakreft,Pasienter med lavrisiko prostatakreft som får radikal behandling,NKI,Antall,Ingen retning,,false,Kvalitet
edea82a890063e0862d60e927a3f1d52,Legene,Legene,Pasienterfaringer med somatiske sykehus,NKI,Ukjent,Ingen retning,,false,Kvalitet
9813b1b58b8ed2fac06726dfef19a5e8,Andel aortakoronare bypasskirurgier med dype og organ/hulromsinfeksjoner innen 30 dager etter kirurgi i perioden,Andel aortakoronare bypasskirurgier med dype og organ/hulromsinfeksjoner innen 30 dager etter kirurgi i perioden,Postoperative infeksjoner etter aortakoronar bypasskirurgi,NKI,Prosent,Ingen retning,,false,Kvalitet
784197f1727e4d7bfe6ff9a89d40127b,Antall nyfødte,Antall nyfødte,Tilstand nyfødte barn,NKI,Antall,Ingen retning,,false,Kvalitet
6b506c67e0472eef4bffd8f3edf8e3c7,Antall per 1000 diabetespasienter med kun amputasjoner under ankel (minor),Antall per 1000 diabetespasienter med kun amputasjoner under ankel (minor),Underekstremitetsamputasjoner blant pasienter med diabetes,NKI,Antall,Ingen retning,,false,Kvalitet
45ca191ae69a12eece57b03dfd01a2ee,30-dagers overlevelse etter hjerteinfarkt,30-dagers overlevelse etter hjerteinfarkt,Utfaset - 30 dagers overlevelse etter sykehusinnleggelse ved hjerteinfarkt,NKI,Prosent,Høyere er bedre,,true,Kvalitet
922cffe0e2a53078b4ab9517b76bc1c4,Antall pasienter med atrieflimmer utskrevet med antikoagulasjon etter hjerneinfarkt,Antall pasienter med atrieflimmer utskrevet med antikoagulasjon etter hjerneinfarkt,Utfaset - Blodfortynnende behandling etter hjerneinfarkt hos pasienter med atrieflimmer,NKI,Antall,Ingen retning,,true,Kvalitet
c9883620f0d84937c49b9a217527eb9a,Totalt antall avsluttede henvisningsperioder registrert med kode innen akse 2,Totalt antall avsluttede henvisningsperioder registrert med kode innen akse 2,Utfaset - Bruk av spesifikke tilstandskoder i psykisk helsevern for barn og unge,NKI,Antall,Ingen retning,,true,Kvalitet
8b7f7f478f6fed71ccd77bce4644d81b,Andel kirurgier med dype og organ/hulromsinfeksjoner innen 30 dager etter innsetting av totalprotese (hofte) i perioden,Andel kirurgier med dype og organ/hulromsinfeksjoner innen 30 dager etter innsetting av totalprotese (hofte) i perioden,Utfaset - Dype og organ/hulromsinfeksjoner etter innsetting av totalprotese (hofte),NKI,Prosent,Ingen retning,,true,Kvalitet
e9aa6e03d47360ea0893eadd1d48813a,Antall epikriser sendt innen 1 dag,Antall epikriser sendt innen 1 dag,Utfaset - Epikrisetid ved utskriving fra somatisk helsetjeneste,NKI,Antall,Høyere er bedre,,true,Kvalitet
9ecd77f36282a479d3d0aba56c26ecab,Andel epikriser sendt innen 7 dager etter utskrivning fra PHV,Andel epikriser sendt innen 7 dager etter utskrivning fra PHV,Utfaset - Epikrisetid ved utskrivning fra døgnbehandling i psykisk helse for voksne,NKI,Prosent,Høyere er bedre,,true,Kvalitet
9b44a947e93eb77e00ef6db43da0cdd5,Antall pasienter med hjerneinfarkt utskrevet fra sykehus med statiner/lipidsenkende behandling,Antall pasienter med hjerneinfarkt utskrevet fra sykehus med statiner/lipidsenkende behandling,Utfaset - Lipidsenkende behandling etter hjerneinfarkt,NKI,Antall,Ingen retning,,true,Kvalitet
31538be32a33f64a631ba95083b806ec,Andel oppdaterte ventetider på Velg behandlingssted innen fysisk helse,Andel oppdaterte ventetider på Velg behandlingssted innen fysisk helse,Utfaset - Oppdaterte ventetider i Velg behandlingssted,NKI,Prosent,Lavere er bedre,,true,Kvalitet
6e71618fb861491fc1e4be70f37431d7,Antall nye kreftpasienter som inngår i pakkeforløp for galleveiskreft,Antall nye kreftpasienter som inngår i pakkeforløp for galleveiskreft,Utfaset - Pakkeforløp for Galleveiskreft,NKI,Antall,Ingen retning,,true,Kvalitet
8d2fe79c7fa7d24265ec4c67e412f14d,Antall pakkeforløp for hjernekreft gjennomført innen maksimal anbefalt forløpstid,Antall pakkeforløp for hjernekreft gjennomført innen maksimal anbefalt forløpstid,Utfaset - Pakkeforløp for hjernekreft,NKI,Antall,Høyere er bedre,,true,Kvalitet
f94e6ec1024d957e0fce9252972b476a,Totalt antall pakkeforløp for hjernekreft som er avsluttet i perioden,Totalt antall pakkeforløp for hjernekreft som er avsluttet i perioden,Utfaset - Pakkeforløp for hjernekreft,NKI,Antall,Ingen retning,,true,Kvalitet
626776bc3eed8d8c6e71718f3bbe8ccf,Andel pakkeforløp for hode-halskreft gjennomført innen maksimal anbefalt forløpstid,Andel pakkeforløp for hode-halskreft gjennomført innen maksimal anbefalt forløpstid,Utfaset - Pakkeforløp for hode-halskreft,NKI,Prosent,Høyere er bedre,,true,Kvalitet
e14923bf78233a384f6b746a485865ab,Antall nye kreftpasienter som inngår i pakkeforløp for kreft hos barn,Antall nye kreftpasienter som inngår i pakkeforløp for kreft hos barn,Utfaset - Pakkeforløp for kreft hos barn,NKI,Antall,Ingen retning,,true,Kvalitet
b7789b52c7c1c1d5cb7b21ca06ab5248,Andel pakkeforløp for metastaser med ukjent utgangspunkt gjennomført innen maksimal anbefalt forløpstid,Andel pakkeforløp for metastaser med ukjent utgangspunkt gjennomført innen maksimal anbefalt forløpstid,Utfaset - Pakkeforløp for metastaser med ukjent utgangspunkt,NKI,Prosent,Høyere er bedre,,true,Kvalitet
a5bc44d58a003baf247330c75693fa61,Antall nye kreftpasienter som inngår i pakkeforløp for myelomatose,Antall nye kreftpasienter som inngår i pakkeforløp for myelomatose,Utfaset - Pakkeforløp for myelomatose,NKI,Antall,Ingen retning,,true,Kvalitet
e75a889c4b4655e15bc7b56ace821aee,Totalt antall kreftpasienter som inngår i pakkeforløp for nyrekreft,Totalt antall kreftpasienter som inngår i pakkeforløp for nyrekreft,Utfaset - Pakkeforløp for nyrekreft,NKI,Antall,Ingen retning,,true,Kvalitet
7813460dbee8be853ea10a8185a2f851,"Andel pakkeforløp for prostatakreft gjennomført innen standardforløpstid, kirurgisk behandling","Andel pakkeforløp for prostatakreft gjennomført innen standardforløpstid, kirurgisk behandling",Utfaset - Pakkeforløp for prostatakreft,NKI,Prosent,Høyere er bedre,,true,Kvalitet
8937fca1da26b52dc1edc41f59515c0b,"Andel pakkeforløp for prostatakreft gjennomført innen standardforløpstid, strålebehandling","Andel pakkeforløp for prostatakreft gjennomført innen standardforløpstid, strålebehandling",Utfaset - Pakkeforløp for prostatakreft,NKI,Prosent,Høyere er bedre,,true,Kvalitet
b224644b2e507c34c89856b420b9c52b,Antall pakkeforløp for prostatakreft med overvåking uten behandling gjennomført innen standardforløpstid,Antall pakkeforløp for prostatakreft med overvåking uten behandling gjennomført innen standardforløpstid,Utfaset - Pakkeforløp for prostatakreft,NKI,Antall,Høyere er bedre,,true,Kvalitet
9a5c604f866a26bc28871a9917f0c0fa,"Andel pakkeforløp for tykk- og endetarmskreft gjennomført innen standardforløpstid, medikamentell behandling","Andel pakkeforløp for tykk- og endetarmskreft gjennomført innen standardforløpstid, medikamentell behandling",Utfaset - Pakkeforløp for tykk- og endetarmskreft,NKI,Prosent,Høyere er bedre,,true,Kvalitet
96d01cce39ead62652168220cf062520,Antall pakkeforløp for tykk- og endetarmskreft gjennomført innen maksimal anbefalt forløpstid,Antall pakkeforløp for tykk- og endetarmskreft gjennomført innen maksimal anbefalt forløpstid,Utfaset - Pakkeforløp for tykk- og endetarmskreft,NKI,Antall,Høyere er bedre,,true,Kvalitet
3992124d1ec9370bf5a4ee1b5f7d12c4,Total antall pakkeforløp for tykk- og endetarmskreft som er avsluttet i perioden,Total antall pakkeforløp for tykk- og endetarmskreft som er avsluttet i perioden,Utfaset - Pakkeforløp for tykk- og endetarmskreft,NKI,Antall,Ingen retning,,true,Kvalitet
1eecb04dc6963b0f30dd1787e2fb1a64,Antall vellykkede gjenopplivninger etter hjertestans per 100 000 innbyggere,Antall vellykkede gjenopplivninger etter hjertestans per 100 000 innbyggere,Vellykket gjenopplivning etter hjertestans,NKI,Antall,Ingen retning,,false,Kvalitet
73bcbb3a040e75acd7e458ed09f37aad,ANT_OPP_DOGN,Antall oppholdsdøgn,Aktivitet i spesialisthelsetjenesten,NPR,Antall,Ingen retning,,false,Aktivitet
a5e4cbdb3c087e82be26fa6308d65d64,5-års relativ overlevelse etter brystkreft,5-års relativ overlevelse etter brystkreft,5 års relativ overlevelse etter brystkreft,NKI,Prosent,Høyere er bedre,,false,Kvalitet
d1c7cd5f935ecbbcb2722261fd7c3bd5,5-års relativ overlevelse etter behandling av endetarmskreft,5-års relativ overlevelse etter behandling av endetarmskreft,5 års relativ overlevelse etter endetarmskreft,NKI,Prosent,Høyere er bedre,,false,Kvalitet
775408fc56bed7c331350ea47374773e,Totalt antall pasienter i Barnediabetesregisteret med registrert årskontroll,Totalt antall pasienter i Barnediabetesregisteret med registrert årskontroll,Diabetes type 1 hos barn - Blodsukkerregulering,NKI,Antall,Ingen retning,,false,Kvalitet
f739eac64e1730c860fa6aec6fc68d4e,Antall avsluttede pasientforløp i PHV hvor epikrise sendes innen 1 dag,Antall avsluttede pasientforløp i PHV hvor epikrise sendes innen 1 dag,Epikrisetid ved utskrivning fra døgnbehandling i psykisk helsevern for voksne,NKI,Antall,Høyere er bedre,,false,Kvalitet
5ba4569690256ce4c8a215d5e4d0c5ee,Median ventetid i PHV i antall dager,Median ventetid i PHV i antall dager,Gjennomsnittlig og median ventetid i psykisk helsevern for voksne,NKI,Dager,Lavere er bedre,,false,Kvalitet
90415837adbad92d53d3c91b5b81c094,Median ventetid i somatikk i antall dager,Median ventetid i somatikk i antall dager,Gjennomsnittlig og median ventetid i somatisk helse,NKI,Dager,Lavere er bedre,,false,Kvalitet
c9dcd2ccd2890ca03a3a4256d035be8d,Antall keisersnitt i Robson gruppe 1 og 2,Antall keisersnitt i Robson gruppe 1 og 2,Keisersnitt,NKI,Antall,Ingen retning,,false,Kvalitet
683f94de7dae0a9c2fa2094ae4abedf2,Totalt antall pasienter som inngår i målingen,Totalt antall pasienter som inngår i målingen,Medvirkning i egen behandling - Involvering i behandlingsplan i psykisk helse barn og unge,NKI,Antall,Ingen retning,,false,Kvalitet
ef93f366d1c4134b32436385392de0a9,Antall pasienter i pasientforløp som sammen med behandler har utarbeidet en behandlingsplan,Antall pasienter i pasientforløp som sammen med behandler har utarbeidet en behandlingsplan,Medvirkning i egen behandling - Involvering i behandlingsplan i psykisk helsevern for voksne,NKI,Antall,Ingen retning,,false,Kvalitet
d404abc21c796af4b9d07d6033fbb31a,Andel av pasienter i pasientforløp som sammen med behandler har utarbeidet en behandlingsplan,Andel av pasienter i pasientforløp som sammen med behandler har utarbeidet en behandlingsplan,Medvirkning i egen behandling - Involvering i behandlingsplan i tverrfaglig spesialisert behandling,NKI,Prosent,Ingen retning,,false,Kvalitet
4bff180bd1f77e5a2d5e5347b2c371e6,Antall inngrep i tykktarmen,Antall inngrep i tykktarmen,Oppfølging av infeksjonsstatus 30 dager etter inngrep i tykktarmen (koloninngrep),NKI,Antall,Ingen retning,,false,Kvalitet
60b3b4864e98862658ce58f61bf1507e,Andel pakkeforløp for 24 organspesifikke kreftformer gjennomført innen standard forløpstid,Andel pakkeforløp for 24 organspesifikke kreftformer gjennomført innen standard forløpstid,Pakkeforløp for 24 organspesifikke kreftformer,NKI,Prosent,Høyere er bedre,,false,Kvalitet
2dcb7c6280f198431803efd310157027,"Andel pakkeforløp for 24 organspesifikke kreftformer gjennomført innen standard forløpstid, kirurgisk behandling","Andel pakkeforløp for 24 organspesifikke kreftformer gjennomført innen standard forløpstid, kirurgisk behandling",Pakkeforløp for 24 organspesifikke kreftformer,NKI,Prosent,Høyere er bedre,,false,Kvalitet
7eff750f815de83c189f0c232b541260,Pårørende,Pårørende,Pasienterfaringer med somatiske sykehus,NKI,Ukjent,Ingen retning,,false,Kvalitet
e8ba930ed46c7f66aa4d6c2cf6b44cf0,Andel kolecystektomier med postoperative infeksjoner oppstått innen 30 dager etter inngrepet i perioden,Andel kolecystektomier med postoperative infeksjoner oppstått innen 30 dager etter inngrepet i perioden,Postoperative infeksjoner etter fjerning av galleblære (kolecystektomi),NKI,Prosent,Ingen retning,,false,Kvalitet
20e73e570c621a81bab6552ba357e1c2,Totalt antall kolecystektomier i perioden,Totalt antall kolecystektomier i perioden,Postoperative infeksjoner etter fjerning av galleblære (kolecystektomi),NKI,Antall,Ingen retning,,false,Kvalitet
5c0a72d013ff7ccf95e7778e5d8a8319,Andel kirurgier med postoperative infeksjoner etter innsetting av hemiprotese (hofte) i perioden,Andel kirurgier med postoperative infeksjoner etter innsetting av hemiprotese (hofte) i perioden,Postoperative infeksjoner etter innsetting av hemiprotese (hofte),NKI,Prosent,Ingen retning,,false,Kvalitet
c98fc8e424da8fa6aa32120b66a36cb6,Andel kirurgier med postoperative infeksjoner opptått innen 30 dager etter innsetting av totalprotese (hofte) i perioden,Andel kirurgier med postoperative infeksjoner opptått innen 30 dager etter innsetting av totalprotese (hofte) i perioden,Postoperative infeksjoner etter innsetting av totalprotese (hofte),NKI,Prosent,Ingen retning,,false,Kvalitet
9559df1e053c916cd5a91bf608bd83fc,Totalt antall keisersnitt utført i perioden,Totalt antall keisersnitt utført i perioden,Postoperative infeksjoner etter keisersnitt,NKI,Antall,Ingen retning,,false,Kvalitet
b2b1c67017a4cfe3413d2a55fe359eaf,Andel akutte hendelser i grisgrendt strøk hvor ambulansen er på hendelsesstedet innen 25 minutter (%),Andel akutte hendelser i grisgrendt strøk hvor ambulansen er på hendelsesstedet innen 25 minutter (%),Tid fra AMK varsles til ambulanse er på hendelsessted (AMK-område),NKI,Prosent,Ingen retning,,false,Kvalitet
1009ecac0e89a17024f00cde7f6c99ff,Totalt antall pasienter som har fått diagnosen MS,Totalt antall pasienter som har fått diagnosen MS,Tidlig høyeffektiv behandling ved multippel sklerose,NKI,Antall,Ingen retning,,false,Kvalitet
0e9baee06d593f39c1518c22e405b883,Andel pasienter 18 år og over innlagt med blodpropp i hjernen som har fått behandling med trombolyse (akutt),Andel pasienter 18 år og over innlagt med blodpropp i hjernen som har fått behandling med trombolyse (akutt),Trombolysebehandling ved blodpropp i hjernen,NKI,Prosent,Ingen retning,,false,Kvalitet
d630a11a61cb50905fcdea90cd344760,Antall per 1000 diabetespasienter med minst en amputasjon over ankel (major),Antall per 1000 diabetespasienter med minst en amputasjon over ankel (major),Underekstremitetsamputasjoner blant pasienter med diabetes,NKI,Antall,Ingen retning,,false,Kvalitet
d6d48fccf0fe23971fad445efe3d74a4,Totalt antall personer registrert med tilstandskode for diabetes siste 3 år,Totalt antall personer registrert med tilstandskode for diabetes siste 3 år,Underekstremitetsamputasjoner blant pasienter med diabetes,NKI,Antall,Ingen retning,,false,Kvalitet
b6c5a970314e6eab873b140932a9b4ee,Andel avsluttede henvisningsperioder registrert med spesifikk kode innen akse 3,Andel avsluttede henvisningsperioder registrert med spesifikk kode innen akse 3,Utfaset - Bruk av spesifikke tilstandskoder i psykisk helsevern for barn og unge,NKI,Prosent,Ingen retning,,true,Kvalitet
eccbfaf6eeed558a39918dfb68af15ad,Totalt antall avsluttede henvisningsperioder med registrert kode for hovedtilstand i psykisk helsevern for voksne,Totalt antall avsluttede henvisningsperioder med registrert kode for hovedtilstand i psykisk helsevern for voksne,Utfaset - Bruk av spesifikke tilstandskoder i psykisk helsevern for voksne,NKI,Antall,Ingen retning,,true,Kvalitet
f2471bdb65cf61ee3afc717c32a21fb9,Andel pasienter med persisterende mikroalbuminuri,Andel pasienter med persisterende mikroalbuminuri,Utfaset - Diabetes type 1 hos barn - Nyrefunksjon,NKI,Prosent,Ingen retning,,true,Kvalitet
d2406213c2c8cb29804c847ffa4687b1,Totalt antall hemiprotesekirurgier (hofte) utført i perioden,Totalt antall hemiprotesekirurgier (hofte) utført i perioden,Utfaset - Dype og organ/hulromsinfeksjoner etter innsetting av hemiprotese (hofte),NKI,Antall,Ingen retning,,true,Kvalitet
eacf780ed270a6b3ab011d4bc095ea2c,Total antall keisersnitt utført i perioden,Total antall keisersnitt utført i perioden,Utfaset - Dype og organ/hulromsinfeksjoner etter utført keisersnitt,NKI,Antall,Ingen retning,,true,Kvalitet
5d053c4f9ea27aa33d61d26c9a398f5c,Andel epikriser sendt innen 1 dag etter utskrivning fra somatisk helsetjeneste,Andel epikriser sendt innen 1 dag etter utskrivning fra somatisk helsetjeneste,Utfaset - Epikrisetid ved utskriving fra somatisk helsetjeneste,NKI,Prosent,Høyere er bedre,70.0,true,Kvalitet
c8a0d4c22b16bdedf44ff991ece305d9,Antall manglende epikriser,Antall manglende epikriser,Utfaset - Epikrisetid ved utskriving fra somatisk helsetjeneste,NKI,Antall,Høyere er bedre,,true,Kvalitet
107c87d99e373929891d3d140a1e560f,Antall nye henvisninger med rapportert henvisningsformalitet,Antall nye henvisninger med rapportert henvisningsformalitet,Utfaset - Kompletthet i dokumentasjon og rapportering av henvisningsformalitet i psykisk helsevern for voksne,NKI,Antall,Ingen retning,,true,Kvalitet
458b274c15f55fad5b58885eca718939,Antall pasienter med NSTEMI som utredes med kransårerøntgen innen 72 timer etter innleggelse,Antall pasienter med NSTEMI som utredes med kransårerøntgen innen 72 timer etter innleggelse,Utfaset - Kransårerøntgen innen anbefalt tid ved hjerteinfarkt,NKI,Antall,Ingen retning,,true,Kvalitet
8afc4897cb1a8d8363630f1a2b43ff5d,Total antall pakkeforløp for brystkreft med kirurgisk behandling,Total antall pakkeforløp for brystkreft med kirurgisk behandling,Utfaset - Pakkeforløp for brystkreft,NKI,Antall,Ingen retning,,true,Kvalitet
8900417c0afd9e415f4a7d03eef1fe54,Totalt antall pakkeforløp for brystkreft som er avsluttet i perioden,Totalt antall pakkeforløp for brystkreft som er avsluttet i perioden,Utfaset - Pakkeforløp for brystkreft,NKI,Antall,Ingen retning,,true,Kvalitet
871b03ee3be4c136a225d006821d4296,"Andel pakkeforløp for lungekreft gjennomført innen standardforløpstid, medikamentell behandling","Andel pakkeforløp for lungekreft gjennomført innen standardforløpstid, medikamentell behandling",Utfaset - Pakkeforløp for lungekreft,NKI,Prosent,Høyere er bedre,,true,Kvalitet
764d018667b4c859cde999c58bbca063,Antall pakkeforløp for lungekreft gjennomført innen maksimal anbefalt forløpstid,Antall pakkeforløp for lungekreft gjennomført innen maksimal anbefalt forløpstid,Utfaset - Pakkeforløp for lungekreft,NKI,Antall,Høyere er bedre,,true,Kvalitet
9ef7d156b8717a6ff32acd06c0eea304,Totalt antall kreftpasienter som inngår i pakkeforløp for lungekreft,Totalt antall kreftpasienter som inngår i pakkeforløp for lungekreft,Utfaset - Pakkeforløp for lungekreft,NKI,Antall,Ingen retning,,true,Kvalitet
44d4d3672840c268ad5b8da9990ac167,Andel pakkeforløp for lymfom gjennomført innenfor maksimal anbefalt forløpstid,Andel pakkeforløp for lymfom gjennomført innenfor maksimal anbefalt forløpstid,Utfaset - Pakkeforløp for lymfom,NKI,Prosent,Høyere er bedre,,true,Kvalitet
4ccb3e7903e188e1ec25b0f33c6c3aa2,Antall pakkeforløp for peniskreft gjennomført innen maksimal anbefalt forløpstid,Antall pakkeforløp for peniskreft gjennomført innen maksimal anbefalt forløpstid,Utfaset - Pakkeforløp for peniskreft,NKI,Antall,Høyere er bedre,,true,Kvalitet
3138a1cbdff7e643f332352684ff72f1,Totalt antall kreftpasienter som inngår i pakkeforløp for primær leverkreft,Totalt antall kreftpasienter som inngår i pakkeforløp for primær leverkreft,Utfaset - Pakkeforløp for primær leverkreft,NKI,Antall,Ingen retning,,true,Kvalitet
b78033d57c7d0dfe74065e22f025b00a,Totalt antall pakkeforløp for primær leverkreft som er avsluttet i perioden,Totalt antall pakkeforløp for primær leverkreft som er avsluttet i perioden,Utfaset - Pakkeforløp for primær leverkreft,NKI,Antall,Ingen retning,,true,Kvalitet
e0adac2cd68eb93e471c94b00974663f,Totalt antall pakkeforløp for sarkom som er avsluttet i perioden,Totalt antall pakkeforløp for sarkom som er avsluttet i perioden,Utfaset - Pakkeforløp for sarkom,NKI,Antall,Ingen retning,,true,Kvalitet
16286d0f3178445ffc8fbf8dbd71ffc5,Andel utsettelser,Andel utsettelser,Utsettelse av planlagte operasjoner,NKI,Prosent,Ingen retning,,false,Kvalitet
3cd69e2de0c655c32af0ddc77d8cf840,5-års relativ overlevelse etter tykktarmskreft,5-års relativ overlevelse etter tykktarmskreft,5 års relativ overlevelse etter tykktarmskreft,NKI,Prosent,Høyere er bedre,,false,Kvalitet
7848b940e9f77f933a1331ac7e84d23d,Antall pasienter med akutt hjerneslag behandlet i samme sykehus i perioden,Antall pasienter med akutt hjerneslag behandlet i samme sykehus i perioden,Behandlet i slagenhet etter akutt hjerneslag,NKI,Antall,Ingen retning,,false,Kvalitet
d6a189a55e990943091f819034880fbe,Andel brudd på vurderingsgarantien i PHV,Andel brudd på vurderingsgarantien i PHV,Brudd på vurderingsgarantien i psykisk helsevern for voksne,NKI,Prosent,Ingen retning,,false,Kvalitet
82715b00ebc23e184e05003537303406,Antall dødfødte barn,Antall dødfødte barn,Dødfødte barn,NKI,Antall,Ingen retning,,false,Kvalitet
302f7946eabf3f87b6b6148f27f703d5,Kinoloner - DDD per 100 liggedøgn,Kinoloner - DDD per 100 liggedøgn,Forbruk av et utvalg bredspektrede antibiotika i sykehus,NKI,Ukjent,Ingen retning,,false,Kvalitet
ba48f65dff51888807c4b12a2e97eb35,Penicilliner med enzymhemmer - DDD per 100 liggedøgn,Penicilliner med enzymhemmer - DDD per 100 liggedøgn,Forbruk av et utvalg bredspektrede antibiotika i sykehus,NKI,Ukjent,Ingen retning,,false,Kvalitet
e727917c17bfb3930cf80454fb5ae60b,Alle vaginale fødsler hos førstegangsfødende,Alle vaginale fødsler hos førstegangsfødende,Forekomst av fødselsrifter,NKI,Ukjent,Ingen retning,,false,Kvalitet
5ec1794119609303084fc39a5bc1413e,Andel pasienter som har gjennomført første evaluering av behandlingen i poliklinikk innenfor anbefalt forløpstid,Andel pasienter som har gjennomført første evaluering av behandlingen i poliklinikk innenfor anbefalt forløpstid,Forløpstid for evaluering av behandling i poliklinikk i psykisk helsevern barn og unge,NKI,Prosent,Høyere er bedre,,false,Kvalitet
7c443737fabfc2ccea6a66f3c115eb42,Andel pasienter som har gjennomført første evaluering av behandlingen i poliklinikk innenfor anbefalt forløpstid,Andel pasienter som har gjennomført første evaluering av behandlingen i poliklinikk innenfor anbefalt forløpstid,Forløpstid for evaluering av behandling i poliklinikk i psykisk helsevern voksne,NKI,Prosent,Høyere er bedre,,false,Kvalitet
5ecb2d4e307c249ebb557ae7a5cce173,Andel operasjoner innen 24 timer,Andel operasjoner innen 24 timer,Hoftebrudd operert innen 24 timer og 48 timer,NKI,Prosent,Ingen retning,,false,Kvalitet
5224ee6e0a48c0c524e4a2d2b85ef9ab,Andel pasienter plassert på korridor,Andel pasienter plassert på korridor,Korridorpasienter på sykehus,NKI,Prosent,Lavere er bedre,,false,Kvalitet
c22664eba3db1c9535017b332924e9f0,Andel pasienter med carotisstenose som mottar legemiddelbehandling etter operasjon,Andel pasienter med carotisstenose som mottar legemiddelbehandling etter operasjon,Legemiddelbehandling i tråd med nasjonale retningslinjer etter operasjon for innsnevring av halspulsåren (carotisstenose),NKI,Prosent,Ingen retning,,false,Kvalitet
c0242c331079a169942827a8864c380a,Antall hemiproteser som er innsatt,Antall hemiproteser som er innsatt,Oppfølging av infeksjonsstatus 30 dager etter innsetting av hemiprotese (hofte),NKI,Antall,Ingen retning,,false,Kvalitet
d61934a1c5131fffdcd9f584b400789a,Utbytte (0-100),Utbytte (0-100),Pasienterfaringer med døgnopphold innen psykisk helsevern,NKI,Ukjent,Ingen retning,,false,Kvalitet
dc91aa609c7dc0fd03932d86cd7a0a75,Utskrivning,Utskrivning,Pasienterfaringer med somatiske sykehus,NKI,Ukjent,Ingen retning,,false,Kvalitet
1740c3013414a946f728ef2bb3d65c9d,Andel kolecystektomier med dype og organ/hulromsinfeksjoner innen 30 dager etter kirurgi i perioden,Andel kolecystektomier med dype og organ/hulromsinfeksjoner innen 30 dager etter kirurgi i perioden,Postoperative infeksjoner etter fjerning av galleblære (kolecystektomi),NKI,Prosent,Ingen retning,,false,Kvalitet
4bce29778ff61ccff2d5159338fe9248,Antall diabetespasienter med en eller flere amputasjoner,Antall diabetespasienter med en eller flere amputasjoner,Underekstremitetsamputasjoner blant pasienter med diabetes,NKI,Antall,Ingen retning,,false,Kvalitet
23afb61ad3f05271887d655a4a4980c4,Andel avsluttede henvisningsperioder registrert med spesifikk kode innen akse 2,Andel avsluttede henvisningsperioder registrert med spesifikk kode innen akse 2,Utfaset - Bruk av spesifikke tilstandskoder i psykisk helsevern for barn og unge,NKI,Prosent,Ingen retning,,true,Kvalitet
cfec2e1594217193199f4a3d6da1446c,Andel avsluttede henvisningsperioder registrert med spesifikk kode for hovedtilstand i tverrfaglig spesialisert rusbehandling,Andel avsluttede henvisningsperioder registrert med spesifikk kode for hovedtilstand i tverrfaglig spesialisert rusbehandling,Utfaset - Bruk av spesifikke tilstandskoder i tverrfaglig spesialisert rusbehandling,NKI,Prosent,Ingen retning,,true,Kvalitet
1d2790df88ce5c59d6be41e700be96ca,Andel pasienter med levert urinprøve på årskontroll,Andel pasienter med levert urinprøve på årskontroll,Utfaset - Diabetes type 1 hos barn - Nyrefunksjon,NKI,Prosent,Ingen retning,,true,Kvalitet
e7059beda0504daedcadf80d6950937b,Antall pasienter som er utskrevet fra PHV,Antall pasienter som er utskrevet fra PHV,Utfaset - Epikrisetid ved utskrivning fra døgnbehandling i psykisk helse for voksne,NKI,Antall,Ingen retning,,true,Kvalitet
9e5394139d7f9791a8a9fd957a29f3b4,Antall epikriser sendt innen 1 dag,Antall epikriser sendt innen 1 dag,Utfaset - Epikrisetid ved utskrivning fra døgnbehandling i tverrfaglig spesialisert rusbehandling,NKI,Antall,Høyere er bedre,,true,Kvalitet
5831a4cecababbe0b8867d83172abb02,Totalt antall voksne med diagnose schizofreni ved utskrivelse,Totalt antall voksne med diagnose schizofreni ved utskrivelse,Utfaset - Individuell plan med diagnose schizofreni i psykisk helsevern for voksne (PHV),NKI,Antall,Ingen retning,,true,Kvalitet
ca8f74344d166270992efefe0963b258,Totalt antall pakkeforløp for blærekreft som er avsluttet i perioden,Totalt antall pakkeforløp for blærekreft som er avsluttet i perioden,Utfaset - Pakkeforløp for blærekreft,NKI,Antall,Ingen retning,,true,Kvalitet
594e241ffe379fb6e76d95aa066b3d09,Andel pakkeforløp for bukspyttkjertelkreft gjennomført innen maksimal anbefalt forløpstid,Andel pakkeforløp for bukspyttkjertelkreft gjennomført innen maksimal anbefalt forløpstid,Utfaset - Pakkeforløp for bukspyttkjertelkreft,NKI,Prosent,Høyere er bedre,,true,Kvalitet
1f6f8964edbba94fad3526e5f4870cb6,Antall pakkeforløp for galleveiskreft gjennomført innen maksimal anbefalt forløpstid,Antall pakkeforløp for galleveiskreft gjennomført innen maksimal anbefalt forløpstid,Utfaset - Pakkeforløp for Galleveiskreft,NKI,Antall,Høyere er bedre,,true,Kvalitet
76ccdc3cebc6e71aefd61796a6c27347,Totalt antall pakkeforløp for galleveiskreft som er avsluttet i perioden,Totalt antall pakkeforløp for galleveiskreft som er avsluttet i perioden,Utfaset - Pakkeforløp for Galleveiskreft,NKI,Antall,Ingen retning,,true,Kvalitet
de613980fd9a461423c585c2552afa82,Totalt antall pakkeforløp for kreft hos barn som er avsluttet i perioden,Totalt antall pakkeforløp for kreft hos barn som er avsluttet i perioden,Utfaset - Pakkeforløp for kreft hos barn,NKI,Antall,Ingen retning,,true,Kvalitet
f5801762418450544df82b907c174eaf,Andel pakkeforløp for livmorkreft gjennomført innen maksimal anbefalt forløpstid,Andel pakkeforløp for livmorkreft gjennomført innen maksimal anbefalt forløpstid,Utfaset - Pakkeforløp for livmorkreft,NKI,Prosent,Høyere er bedre,,true,Kvalitet
2ceb6ae4e10224db48300f3fdbad1ee8,Antall pakkeforløp for lymfom gjennomført innen maksimal anbefalt forløpstid,Antall pakkeforløp for lymfom gjennomført innen maksimal anbefalt forløpstid,Utfaset - Pakkeforløp for lymfom,NKI,Antall,Høyere er bedre,,true,Kvalitet
9083c3c6f4bc17598c5d3dce54ebf205,Totalt antall pakkeforløp for lymfom som er avsluttet i perioden,Totalt antall pakkeforløp for lymfom som er avsluttet i perioden,Utfaset - Pakkeforløp for lymfom,NKI,Antall,Ingen retning,,true,Kvalitet
3bdf79064e9a2b2e5e3ab2a20b53c764,Andel nye kreftpasienter som inngår i pakkeforløp for myelomatose,Andel nye kreftpasienter som inngår i pakkeforløp for myelomatose,Utfaset - Pakkeforløp for myelomatose,NKI,Prosent,Ingen retning,,true,Kvalitet
ca3cca8126e34c0b15ca7b3c8a3a73ef,Andel nye kreftpasienter som inngår i pakkeforløp for peniskreft,Andel nye kreftpasienter som inngår i pakkeforløp for peniskreft,Utfaset - Pakkeforløp for peniskreft,NKI,Prosent,Ingen retning,,true,Kvalitet
85c94cc965b2f8c14de10dfdadcccc10,Andel pakkeforløp for primær leverkreft gjennomført innen maksimal anbefalt forløpstid,Andel pakkeforløp for primær leverkreft gjennomført innen maksimal anbefalt forløpstid,Utfaset - Pakkeforløp for primær leverkreft,NKI,Prosent,Høyere er bedre,,true,Kvalitet
3093d708015acc3fdaaa0453984f1ebc,Andel pakkeforløp for sarkom gjennomført innen maksimal anbefalt forløpstid,Andel pakkeforløp for sarkom gjennomført innen maksimal anbefalt forløpstid,Utfaset - Pakkeforløp for sarkom,NKI,Prosent,Høyere er bedre,,true,Kvalitet
4a9512adb76bdf1d2b442e6fcb5083da,Amputasjoner per 1000 diabetespasienter,Amputasjoner per 1000 diabetespasienter,Utfaset - Underekstremitetsamputasjoner blant pasienter med diabetes,NKI,Ukjent,Ingen retning,,true,Kvalitet
b551979709ef3a732660c7eeb4332de9,Antall amputasjoner blant diabetespasienter,Antall amputasjoner blant diabetespasienter,Utfaset - Underekstremitetsamputasjoner blant pasienter med diabetes,NKI,Antall,Ingen retning,,true,Kvalitet
c708263948a53d4d3cb32e79c1da54f1,Totalt antall planlagte operasjoner,Totalt antall planlagte operasjoner,Utsettelse av planlagte operasjoner,NKI,Antall,Ingen retning,,false,Kvalitet
c75f650e9805f4a0ea392bcc0c594de6,ANT_DAGBEH,Antall dagbehandlinger,Aktivitet i spesialisthelsetjenesten,NPR,Antall,Ingen retning,,false,Aktivitet
4515ed72cc5943ded5e610e0335b74d5,5 års relativ overlevelse etter eggstokkreft,5 års relativ overlevelse etter eggstokkreft,"5 års relativ overlevelse etter kreft i eggstokk, eggleder eller bukhinne hos kvinner",NKI,Prosent,Høyere er bedre,,false,Kvalitet
274f6069f6e6b83c20c997cfb74079c9,Barne- og ungdomsgarantien: Andel (%) til behandling innen 65 dager,Barne- og ungdomsgarantien: Andel (%) til behandling innen 65 dager,"Barne- og ungdomsgarantien, andel startet helsehjelp innen 65 dager",NKI,Prosent,Ingen retning,,false,Kvalitet
d0a90a73840418e09613b7f6e20b796e,Andel pasienter med HbA1c over eller lik 75 mmol/mol,Andel pasienter med HbA1c over eller lik 75 mmol/mol,Blodsukkerregulering ved type 1 diabetes hos voksne,NKI,Prosent,Ingen retning,,false,Kvalitet
0c5ea68c3699049d33588b12b82baf82,"Andel pasienter som oppnår behandlingsmålet, her satt til HbA1c mindre eller lik 53 mmol/mol","Andel pasienter som oppnår behandlingsmålet, her satt til HbA1c mindre eller lik 53 mmol/mol",Blodsukkerregulering ved type 1 diabetes hos voksne,NKI,Prosent,Ingen retning,,false,Kvalitet
27b9c5275679fc7013cc77d812781758,Antall store rifter blant førstegangsfødende som føder vaginalt,Antall store rifter blant førstegangsfødende som føder vaginalt,Forekomst av fødselsrifter,NKI,Antall,Ingen retning,,false,Kvalitet
7031a60aae0ef489efe80fd6c5a9862b,Antall diagnostisk pakkeforløp gjennomført innen maksimal anbefalt forløpstid,Antall diagnostisk pakkeforløp gjennomført innen maksimal anbefalt forløpstid,Gjennomføring av diagnostisk pakkeforløp innen maksimal anbefalt forløpstid,NKI,Antall,Høyere er bedre,,false,Kvalitet
0ca09a735c8d090803795653fe2956f5,Totalt antall påbegynt helsehjelp i PHBU,Totalt antall påbegynt helsehjelp i PHBU,Gjennomsnittlig og median ventetid i psykisk helsevern for barn og unge,NKI,Antall,Ingen retning,,false,Kvalitet
f3f80fd510ddc02121d62452943e413d,Totalt antall påbegynt helsehjelp i TSB,Totalt antall påbegynt helsehjelp i TSB,Gjennomsnittlig og median ventetid i tverrfaglig spesialisert rusbehandling,NKI,Antall,Ingen retning,,false,Kvalitet
bfb3d334df445d2ea3b619436dbf2ebe,Førstegangsfødende i Robson gruppe 1,Førstegangsfødende i Robson gruppe 1,Keisersnitt,NKI,Ukjent,Ingen retning,,false,Kvalitet
21639234595108bc81b7da783194734c,Førstegangsfødende i Robson gruppe 1 og 2,Førstegangsfødende i Robson gruppe 1 og 2,Keisersnitt,NKI,Ukjent,Ingen retning,,false,Kvalitet
9bef0cde67731da17088590d5fc47346,Antall korridorpasienter,Antall korridorpasienter,Korridorpasienter på sykehus,NKI,Antall,Lavere er bedre,,false,Kvalitet
d03608527ce6236dfa95b3e817717206,Totalt antall pasienter med sykdom i underekstremiteter,Totalt antall pasienter med sykdom i underekstremiteter,Legemiddelbehandling i tråd med nasjonale retningslinjer etter operasjon for trange blodårer til beina (åreforkalkning),NKI,Antall,Ingen retning,,false,Kvalitet
295bbdd18574c02a0ad3a24c58653225,Andel av pasienter i pasientforløp som sammen med behandler har utarbeidet en behandlingsplan,Andel av pasienter i pasientforløp som sammen med behandler har utarbeidet en behandlingsplan,Medvirkning i egen behandling - Involvering i behandlingsplan i psykisk helsevern for voksne,NKI,Prosent,Ingen retning,,false,Kvalitet
7900c5a3bd4092abb14f8b7bd214db63,Antall pasienter i pasientforløp som sammen med behandler har utarbeidet en behandlingsplan,Antall pasienter i pasientforløp som sammen med behandler har utarbeidet en behandlingsplan,Medvirkning i egen behandling - Involvering i behandlingsplan i tverrfaglig spesialisert behandling,NKI,Antall,Ingen retning,,false,Kvalitet
d177c1194a155e644b8b61b864a31348,"Totalt antall pasienter diagnostisert med melanom, uavhengig av tumortykkelse","Totalt antall pasienter diagnostisert med melanom, uavhengig av tumortykkelse",Pasienter med melanom som får diagnosen i tidlig stadium,NKI,Antall,Ingen retning,,false,Kvalitet
cc8bd8a0c3bb919f12bd207412503b82,Pasientorientering (0-100),Pasientorientering (0-100),Pasienterfaringer med døgnopphold innen psykisk helsevern,NKI,Ukjent,Ingen retning,,false,Kvalitet
bd0c2421baee730f0fbe3bbb3d59044d,Alle fødende i Robson gruppe 3,Alle fødende i Robson gruppe 3,Ristimulering under fødsel,NKI,Ukjent,Ingen retning,,false,Kvalitet
c5e8ec712e63b75f1710652b49dbe47c,Antall førstegangsfødende i Robson gruppe 1 som er medikamentelt ristimulert,Antall førstegangsfødende i Robson gruppe 1 som er medikamentelt ristimulert,Ristimulering under fødsel,NKI,Antall,Ingen retning,,false,Kvalitet
b336e4a701a47daaafc4a06f6e188039,Antall nyfødte Apgar skår < 7 etter 5 minutter,Antall nyfødte Apgar skår < 7 etter 5 minutter,Tilstand nyfødte barn,NKI,Antall,Ingen retning,,false,Kvalitet
8ffbb38f36ef65c64c8742f4de7c73dc,30-dagers overlevelse etter hjerneslag,30-dagers overlevelse etter hjerneslag,Utfaset - 30 dagers overlevelse etter sykehusinnleggelse ved hjerneslag,NKI,Prosent,Høyere er bedre,,true,Kvalitet
52a9eb62468daf092a3bc1827f5b5c2f,Andel pasienter som har fått antitrombotisk behandling (platehemming eller antikoagulasjon) etter hjerneinfarkt,Andel pasienter som har fått antitrombotisk behandling (platehemming eller antikoagulasjon) etter hjerneinfarkt,Utfaset - Antitrombotisk behandling etter hjerneinfarkt,NKI,Prosent,Ingen retning,,true,Kvalitet
e2fb265d3eb1566430080b88aa331671,Antall pasienter som har fått blodtrykksbehandling etter hjerneslag,Antall pasienter som har fått blodtrykksbehandling etter hjerneslag,Utfaset - Blodtrykksbehandling etter hjerneslag.,NKI,Antall,Ingen retning,,true,Kvalitet
9e0b576c27f5c06058d37a666be41da6,Andel henvisningsperioder registrert med spesifikk kode innen akse 1,Andel henvisningsperioder registrert med spesifikk kode innen akse 1,Utfaset - Bruk av spesifikke tilstandskoder i psykisk helsevern for barn og unge,NKI,Prosent,Ingen retning,,true,Kvalitet
059762f067dfcd92d38a6d71f76ef8b6,Andel pasienter screenet med urinprøve iht. ISPAD retningslinjer (barn fra 11 år med diabetesvarighet over 5 år),Andel pasienter screenet med urinprøve iht. ISPAD retningslinjer (barn fra 11 år med diabetesvarighet over 5 år),Utfaset - Diabetes type 1 hos barn - Nyrefunksjon,NKI,Prosent,Ingen retning,,true,Kvalitet
5d740eb6db0dbaad37184701b28e35e1,Totalt antall pasienter i Barnediabetesregisteret med registrert årskontroll,Totalt antall pasienter i Barnediabetesregisteret med registrert årskontroll,Utfaset - Diabetes type 1 hos barn - Nyrefunksjon,NKI,Antall,Ingen retning,,true,Kvalitet
0e703ccb1ef5a225f43c598137093470,Andel epikriser sendt innen 7 dager etter utskrivning fra somatisk helsetjeneste,Andel epikriser sendt innen 7 dager etter utskrivning fra somatisk helsetjeneste,Utfaset - Epikrisetid ved utskriving fra somatisk helsetjeneste,NKI,Prosent,Høyere er bedre,,true,Kvalitet
eda8dfd7685ae51ca876d9c40552919d,Andel pasienter med hjerneinfarkt utskrevet fra sykehus med statiner/lipidsenkende behandling,Andel pasienter med hjerneinfarkt utskrevet fra sykehus med statiner/lipidsenkende behandling,Utfaset - Lipidsenkende behandling etter hjerneinfarkt,NKI,Prosent,Ingen retning,,true,Kvalitet
617fe33b0c48612f3c6ddf2df5813b16,Andel oppdaterte ventetider på Velg behandlingssted innen rus og avhengighet,Andel oppdaterte ventetider på Velg behandlingssted innen rus og avhengighet,Utfaset - Oppdaterte ventetider i Velg behandlingssted,NKI,Prosent,Lavere er bedre,,true,Kvalitet
04d3dbed169756f282ad1a89906fa396,Antall pakkeforløp for brystkreft med medikamentell behandling gjennomført innen standardforløpstid,Antall pakkeforløp for brystkreft med medikamentell behandling gjennomført innen standardforløpstid,Utfaset - Pakkeforløp for brystkreft,NKI,Antall,Høyere er bedre,,true,Kvalitet
cae1ca42626d4b0559d45182b61abb8d,Totalt antall kreftpasienter som inngår i pakkeforløp for brystkreft,Totalt antall kreftpasienter som inngår i pakkeforløp for brystkreft,Utfaset - Pakkeforløp for brystkreft,NKI,Antall,Ingen retning,,true,Kvalitet
776b52fb03434fd020e86e943cb89b10,Andel pakkeforløp for galleveiskreft gjennomført innen maksimal anbefalt forløpstid,Andel pakkeforløp for galleveiskreft gjennomført innen maksimal anbefalt forløpstid,Utfaset - Pakkeforløp for Galleveiskreft,NKI,Prosent,Høyere er bedre,,true,Kvalitet
ee7c3396c95a287011d39e839f643188,Andel nye kreftpasienter som inngår i pakkeforløp for hjernekreft,Andel nye kreftpasienter som inngår i pakkeforløp for hjernekreft,Utfaset - Pakkeforløp for hjernekreft,NKI,Prosent,Ingen retning,,true,Kvalitet
c1206d217dd000586a6b074d5d81d3cc,Totalt antall kreftpasienter som inngår i pakkeforløp for hode-halskreft,Totalt antall kreftpasienter som inngår i pakkeforløp for hode-halskreft,Utfaset - Pakkeforløp for hode-halskreft,NKI,Antall,Ingen retning,,true,Kvalitet
52d056022736ba6cfe52847f7d0c91fc,Antall nye kreftpasienter som inngår i pakkeforløp for livmorhalskreft,Antall nye kreftpasienter som inngår i pakkeforløp for livmorhalskreft,Utfaset - Pakkeforløp for livmorhalskreft,NKI,Antall,Ingen retning,,true,Kvalitet
b3fd46064aa580ef1e5c3d76071712fb,Totalt antall kreftpasienter som inngår i pakkeforløp for livmorhalskreft,Totalt antall kreftpasienter som inngår i pakkeforløp for livmorhalskreft,Utfaset - Pakkeforløp for livmorhalskreft,NKI,Antall,Ingen retning,,true,Kvalitet
b13e8b199ee8a310e97ccc0e9b09dc55,Antall nye kreftpasienter som inngår i pakkeforløp for livmorkreft,Antall nye kreftpasienter som inngår i pakkeforløp for livmorkreft,Utfaset - Pakkeforløp for livmorkreft,NKI,Antall,Ingen retning,,true,Kvalitet
1da1e4d8f9107134ac5a475eaf6e2cb7,Antall pakkeforløp for lungekreft med medikamentell behandling gjennomført innen standardforløpstid,Antall pakkeforløp for lungekreft med medikamentell behandling gjennomført innen standardforløpstid,Utfaset - Pakkeforløp for lungekreft,NKI,Antall,Høyere er bedre,,true,Kvalitet
875e4f12f47efdb766b18985deba3bb3,Totalt antall pakkeforløp for metastaser med ukjent utgangspunkt som er avsluttet i perioden,Totalt antall pakkeforløp for metastaser med ukjent utgangspunkt som er avsluttet i perioden,Utfaset - Pakkeforløp for metastaser med ukjent utgangspunkt,NKI,Antall,Ingen retning,,true,Kvalitet
9f7b21eef7fce8ab537c6bf82471c38b,Antall pakkeforløp for myelomatose gjennomført innen maksimal anbefalt forløpstid,Antall pakkeforløp for myelomatose gjennomført innen maksimal anbefalt forløpstid,Utfaset - Pakkeforløp for myelomatose,NKI,Antall,Høyere er bedre,,true,Kvalitet
a9f99d88d9fc0bee83e03c7c7b2a556b,Antall nye kreftpasienter som inngår i pakkeforløp for testikkelkreft,Antall nye kreftpasienter som inngår i pakkeforløp for testikkelkreft,Utfaset - Pakkeforløp for testikkelkreft,NKI,Antall,Ingen retning,,true,Kvalitet
79de7bd58acbe54bf1d993bffc6d40b7,Andel selvbestemte aborter utført medikamentelt inntil utgangen av 9.uke (8 + 6 dager),Andel selvbestemte aborter utført medikamentelt inntil utgangen av 9.uke (8 + 6 dager),Utfaset - Selvbestemt abort gjennomført medikamentelt eller kirurgisk,NKI,Prosent,Ingen retning,,true,Kvalitet
66f65ff6b7b3db57ff0f3caf4c1e90fc,Antall vellykkede gjenopplivninger,Antall vellykkede gjenopplivninger,Vellykket gjenopplivning etter hjertestans,NKI,Antall,Ingen retning,,false,Kvalitet
3080c2b12140d47e89baa1509fbdb533,5 års relativ overlevelse etter behandling etter høy-risiko prostatakreft,5 års relativ overlevelse etter behandling etter høy-risiko prostatakreft,5 års relativ overlevelse etter høy-risiko prostatakreft,NKI,Prosent,Høyere er bedre,,false,Kvalitet
5ee3b510016e580b921499c15300b9e1,Antall brudd på vurderingsgarantien i TSB,Antall brudd på vurderingsgarantien i TSB,Brudd på vurderingsgarantien i tverrfaglig spesialisert rusbehandling,NKI,Antall,Ingen retning,,false,Kvalitet
01e95fa263ce171e0705ba9c4ecefdf3,Andel brystkreftpasienter som får brystbevarende operasjon,Andel brystkreftpasienter som får brystbevarende operasjon,Brystbevarende operasjon for kvinner diagnostisert med brystkreft,NKI,Prosent,Ingen retning,,false,Kvalitet
fcfb6c992c985b63c83e0968947541bd,Antall barn som dør 0-27 dager (neonatalt døde) etter fødsel per 1000 levendefødte,Antall barn som dør 0-27 dager (neonatalt døde) etter fødsel per 1000 levendefødte,Dødelighet i nyfødtperioden,NKI,Antall,Ingen retning,,false,Kvalitet
b41da76770f002bd9dab026a139f0b40,Antall levende barn siste 2 år,Antall levende barn siste 2 år,Dødelighet i nyfødtperioden,NKI,Antall,Ingen retning,,false,Kvalitet
6899ab1bbade47116ee379c8dd0b08e7,Antall avsluttede pasientforløp i PHV hvor epikrise mangler,Antall avsluttede pasientforløp i PHV hvor epikrise mangler,Epikrisetid ved utskrivning fra døgnbehandling i psykisk helsevern for voksne,NKI,Antall,Høyere er bedre,,false,Kvalitet
1cd7b91f04eaa0ef8709b6d38484c516,Totalt antall avsluttede pasientforløp i TSB,Totalt antall avsluttede pasientforløp i TSB,Epikrisetid ved utskrivning fra døgnbehandling i TSB,NKI,Antall,Ingen retning,,false,Kvalitet
384973924044cb6cc9698d589f22c2e8,Utvalgte bredspektrede antibiotika - DDD per 100 liggedøgn,Utvalgte bredspektrede antibiotika - DDD per 100 liggedøgn,Forbruk av et utvalg bredspektrede antibiotika i sykehus,NKI,Ukjent,Ingen retning,,false,Kvalitet
664640def8276209b6398fbd0957c0ff,Andel operasjoner innen 48 timer,Andel operasjoner innen 48 timer,Hoftebrudd operert innen 24 timer og 48 timer,NKI,Prosent,Ingen retning,,false,Kvalitet
a02898e52156d6dadcc3b14c759206a9,Antall fødsler som startes  med induksjon,Antall fødsler som startes  med induksjon,Igangsetting av fødsel,NKI,Antall,Ingen retning,,false,Kvalitet
295f4de17fa02eff3f3eca9e83827d03,Andel fødsler med akutt keisersnitt hos førstegangsfødende,Andel fødsler med akutt keisersnitt hos førstegangsfødende,Keisersnitt,NKI,Prosent,Ingen retning,,false,Kvalitet
54ed544c5a3833e4f0b8229ad2ace154,Antall keisersnitt i Robson gruppe 1,Antall keisersnitt i Robson gruppe 1,Keisersnitt,NKI,Antall,Ingen retning,,false,Kvalitet
2a500c3e8e520857ff457906dae03112,Andel med nydiagnostisert attakkvis MS som har startet med sykdomsmodulerende behandling innen 3 uker,Andel med nydiagnostisert attakkvis MS som har startet med sykdomsmodulerende behandling innen 3 uker,Pasienter med multippel sklerose som starter med behandling innen anbefalt tid etter diagnose,NKI,Prosent,Ingen retning,,false,Kvalitet
f8d5e705a295316c5ceee1ac7c9e1cc3,Samhandling,Samhandling,Pasienterfaringer med somatiske sykehus,NKI,Ukjent,Ingen retning,,false,Kvalitet
c86785af465d078b5e349a3ee9a20398,Antall tvangsinnleggelser som har startet med etablert tvunget vern,Antall tvangsinnleggelser som har startet med etablert tvunget vern,Tvangsinnleggelser i psykisk helsevern for voksne,NKI,Antall,Ingen retning,,false,Kvalitet
cfd86f4799c24324b6f7bcba1f74ef97,Antall pasienter i døgnbehandling med vedtak om bruk av mekaniske tvangsmidler i måleperioden,Antall pasienter i døgnbehandling med vedtak om bruk av mekaniske tvangsmidler i måleperioden,Tvangsmiddelbruk i psykisk helsevern for voksne,NKI,Antall,Ingen retning,,false,Kvalitet
5ca116c19addcca7cb02db5ae24ce644,Alle pasienter med hjerneslag som er behandlet i samme sykehus i perioden,Alle pasienter med hjerneslag som er behandlet i samme sykehus i perioden,Utfaset - Blodtrykksbehandling etter hjerneslag.,NKI,Ukjent,Ingen retning,,true,Kvalitet
131235c9673f7e41f3226bdd90c71a6f,Antall avsluttede henvisningsperioder registrert med spesifikk kode innen akse 2,Antall avsluttede henvisningsperioder registrert med spesifikk kode innen akse 2,Utfaset - Bruk av spesifikke tilstandskoder i psykisk helsevern for barn og unge,NKI,Antall,Ingen retning,,true,Kvalitet
fbc21fede5047edcd1b32775208ddf26,Antall pasienter som er utskrevet fra somatisk helsetjeneste,Antall pasienter som er utskrevet fra somatisk helsetjeneste,Utfaset - Epikrisetid ved utskriving fra somatisk helsetjeneste,NKI,Antall,Ingen retning,,true,Kvalitet
5dafaf98fb4ba268b3fab8aee6cdd1dd,Mangler registrering eller ukjent status for individuell plan,Mangler registrering eller ukjent status for individuell plan,Utfaset - Individuell plan med diagnose schizofreni i psykisk helsevern for voksne (PHV),NKI,Ukjent,Ingen retning,,true,Kvalitet
d7689d1f6f021019fb01cecadf4961ad,"Andel oppdaterte ventetider på Velg behandlingssted innen psykisk helse, barn og unge","Andel oppdaterte ventetider på Velg behandlingssted innen psykisk helse, barn og unge",Utfaset - Oppdaterte ventetider i Velg behandlingssted,NKI,Prosent,Lavere er bedre,,true,Kvalitet
188ce8b7c82fc93da5126b2d5153924b,Andel pakkeforløp for blærekreft gjennomført innen maksimal anbefalt forløpstid,Andel pakkeforløp for blærekreft gjennomført innen maksimal anbefalt forløpstid,Utfaset - Pakkeforløp for blærekreft,NKI,Prosent,Høyere er bedre,,true,Kvalitet
50b016501fde9d7c62525b637d6ee6e3,Totalt antall kreftpasienter som inngår i pakkeforløp for blærekreft,Totalt antall kreftpasienter som inngår i pakkeforløp for blærekreft,Utfaset - Pakkeforløp for blærekreft,NKI,Antall,Ingen retning,,true,Kvalitet
cd2f9382a1c801051ec4d4ca21c9d407,Andel nye kreftpasienter som inngår i pakkeforløp for eggstokkreft,Andel nye kreftpasienter som inngår i pakkeforløp for eggstokkreft,Utfaset - Pakkeforløp for eggstokkreft,NKI,Prosent,Ingen retning,,true,Kvalitet
cc0e2455104a085ada49764a3e52f045,Andel nye kreftpasienter som inngår i pakkeforløp for kreft i spiserør og magesekk,Andel nye kreftpasienter som inngår i pakkeforløp for kreft i spiserør og magesekk,Utfaset - Pakkeforløp for kreft i spiserør og magesekk,NKI,Prosent,Ingen retning,,true,Kvalitet
ca4bfac15f380206a0eb4a7408dbbc93,Andel pakkeforløp for kreft i spiserør og magesekk gjennomført innen maksimal anbefalt forløpstid,Andel pakkeforløp for kreft i spiserør og magesekk gjennomført innen maksimal anbefalt forløpstid,Utfaset - Pakkeforløp for kreft i spiserør og magesekk,NKI,Prosent,Høyere er bedre,,true,Kvalitet
7120ae09869cee82739909deb4940d45,Andel nye kreftpasienter som inngår i pakkeforløp for malignt melanom,Andel nye kreftpasienter som inngår i pakkeforløp for malignt melanom,Utfaset - Pakkeforløp for malignt melanom,NKI,Prosent,Ingen retning,,true,Kvalitet
8a894977d4efeb3f0278e23c21b6e384,Totalt antall pakkeforløp for prostatakreft med medikamentell behandling,Totalt antall pakkeforløp for prostatakreft med medikamentell behandling,Utfaset - Pakkeforløp for prostatakreft,NKI,Antall,Ingen retning,,true,Kvalitet
c6d5fc44295c9182bab59b31ec84d6d8,Andel nye kreftpasienter som inngår i pakkeforløp for testikkelkreft,Andel nye kreftpasienter som inngår i pakkeforløp for testikkelkreft,Utfaset - Pakkeforløp for testikkelkreft,NKI,Prosent,Ingen retning,,true,Kvalitet
65f8b23eb044a106c1ed3603688e2065,Antall pakkeforløp for tykk- og endetarmskreft med kirurgisk behandling gjennomført innen standardforløpstid,Antall pakkeforløp for tykk- og endetarmskreft med kirurgisk behandling gjennomført innen standardforløpstid,Utfaset - Pakkeforløp for tykk- og endetarmskreft,NKI,Antall,Høyere er bedre,,true,Kvalitet
83655b0d2cbace12ddd914d6464ba932,Antall hjertestanser per 100 000 innbyggere,Antall hjertestanser per 100 000 innbyggere,Vellykket gjenopplivning etter hjertestans,NKI,Antall,Ingen retning,,false,Kvalitet
a6d3cfdf0fbc3f4fb1ffaf45e4322906,Antall barn og unge under 23 år som har startet helsehjelp innen 65 dager,Antall barn og unge under 23 år som har startet helsehjelp innen 65 dager,"Barne- og ungdomsgarantien, andel startet helsehjelp innen 65 dager",NKI,Antall,Ingen retning,,false,Kvalitet
7a6b3c5199ab53da8cebaf9b7273743f,Antall barn og unge pasienter som er vurdert innen 10 dager,Antall barn og unge pasienter som er vurdert innen 10 dager,"Barne- og ungdomsgarantien, andel vurdert innen 10 dager",NKI,Antall,Ingen retning,,false,Kvalitet
7e194af68ee45c8d4f77bc411d01a931,Totalt antall operert for brystkreft,Totalt antall operert for brystkreft,Brystbevarende operasjon for kvinner diagnostisert med brystkreft,NKI,Antall,Ingen retning,,false,Kvalitet
bbdacd2c08e40304b1276ff6a2be6e9f,Totalt antall pasienter i Barnediabetesregisteret med registrert årskontroll,Totalt antall pasienter i Barnediabetesregisteret med registrert årskontroll,Diabetes type 1 hos barn - Alvorlige akutte komplikasjoner,NKI,Antall,Ingen retning,,false,Kvalitet
4c5771e0574c7b7c0fdab075b93abe74,Antall avsluttede pasientforløp i somatikk hvor epikrise mangler,Antall avsluttede pasientforløp i somatikk hvor epikrise mangler,Epikrisetid ved utskriving fra somatisk helsetjeneste,NKI,Antall,Høyere er bedre,,false,Kvalitet
8be54d6546c17b37b143d07ff610dc16,Andel pasienter som har gjennomført første evaluering av behandlingen i poliklinikk innenfor anbefalt forløpstid,Andel pasienter som har gjennomført første evaluering av behandlingen i poliklinikk innenfor anbefalt forløpstid,Forløpstid for evaluering av tverrfaglig spesialisert rusbehandling (TSB) i poliklinikk,NKI,Prosent,Høyere er bedre,,false,Kvalitet
e93008206ea16b84d65db80e8b76e470,Andel fødsler uten større inngrep og komplikasjoner hos førstegangsfødende,Andel fødsler uten større inngrep og komplikasjoner hos førstegangsfødende,Fødsler uten større inngrep og komplikasjoner,NKI,Prosent,Ingen retning,,false,Kvalitet
59f627b2739794accbded9235b39d00f,Antall pasienter med carotisstenose som mottar legemiddelbehandling etter operasjon,Antall pasienter med carotisstenose som mottar legemiddelbehandling etter operasjon,Legemiddelbehandling i tråd med nasjonale retningslinjer etter operasjon for innsnevring av halspulsåren (carotisstenose),NKI,Antall,Ingen retning,,false,Kvalitet
5bf77295a016fe99aa9537132e0b6465,Antall som mottar legemiddelbehandling etter operasjon for trange blodårer til beina,Antall som mottar legemiddelbehandling etter operasjon for trange blodårer til beina,Legemiddelbehandling i tråd med nasjonale retningslinjer etter operasjon for trange blodårer til beina (åreforkalkning),NKI,Antall,Ingen retning,,false,Kvalitet
9456ea02e39e2d249ae9ac42a382ac09,"Andel 24 organspesifikke kreft pakkeforløp gjennomført innen standard forløpstid, medikamentell behandling","Andel 24 organspesifikke kreft pakkeforløp gjennomført innen standard forløpstid, medikamentell behandling",Pakkeforløp for 24 organspesifikke kreftformer,NKI,Prosent,Høyere er bedre,,false,Kvalitet
a4c8e3e992ceec2309439912c4f4dab1,Totalt antall pakkeforløp for 24 organspesifikke kreftformer avsluttet i perioden,Totalt antall pakkeforløp for 24 organspesifikke kreftformer avsluttet i perioden,Pakkeforløp for 24 organspesifikke kreftformer,NKI,Antall,Ingen retning,,false,Kvalitet
60c62f14ec569ae43d469ab988ba0b97,Andel aortakoronare bypasskirurgier med postoperative infeksjoner innen 30 dager etter kirurgi i perioden,Andel aortakoronare bypasskirurgier med postoperative infeksjoner innen 30 dager etter kirurgi i perioden,Postoperative infeksjoner etter aortakoronar bypasskirurgi,NKI,Prosent,Ingen retning,,false,Kvalitet
006958d71920b680ee18052e18811029,Andel keisersnitt med dype og organ/hulromsinfeksjoner innen 30 dager etter utført inngrep i perioden,Andel keisersnitt med dype og organ/hulromsinfeksjoner innen 30 dager etter utført inngrep i perioden,Postoperative infeksjoner etter keisersnitt,NKI,Prosent,Ingen retning,,false,Kvalitet
6ba233a781eda25056b7282de9173c95,Andel avsluttete behandlingsopphold for pasienter over 18 år med manglende rapportering om avslutningstype,Andel avsluttete behandlingsopphold for pasienter over 18 år med manglende rapportering om avslutningstype,Rapportering av årsak til avsluttet behandling i tverrfaglig spesialisert rusbehandling,NKI,Prosent,Ingen retning,,false,Kvalitet
06d25a663b7903d38eae92d5c0f142e7,Antall avsluttede behandlingsopphold for pasienter over 18 år i døgnbehandling i perioden,Antall avsluttede behandlingsopphold for pasienter over 18 år i døgnbehandling i perioden,Rapportering av årsak til avsluttet behandling i tverrfaglig spesialisert rusbehandling,NKI,Antall,Ingen retning,,false,Kvalitet
34a36a07bd9a438160257b43d1fe53ca,Alle fødende i Robson gruppe 1,Alle fødende i Robson gruppe 1,Ristimulering under fødsel,NKI,Ukjent,Ingen retning,,false,Kvalitet
820c684b11dd7a7b9656448d85f1bfb3,Antall flergangsfødende i Robson gruppe 3 som er medikamentelt ristimulert,Antall flergangsfødende i Robson gruppe 3 som er medikamentelt ristimulert,Ristimulering under fødsel,NKI,Antall,Ingen retning,,false,Kvalitet
8e5d432056e6b3cf417584804291fc13,Antall akutte hendelser hvor det sendes ambulansebil i tettbygd strøk,Antall akutte hendelser hvor det sendes ambulansebil i tettbygd strøk,Tid fra AMK varsles til ambulanse er på hendelsessted (AMK-område),NKI,Antall,Ingen retning,,false,Kvalitet
d4bde5fc7284f1cbc5ed4bea596d1a0a,Antall pasienter i døgnbehandling med minst ett tvangsmiddelvedtak i måleperioden,Antall pasienter i døgnbehandling med minst ett tvangsmiddelvedtak i måleperioden,Tvangsmiddelbruk i psykisk helsevern for voksne,NKI,Antall,Ingen retning,,false,Kvalitet
e2c0be0d54177f67736b49de26e0b860,Antall diabetespasienter med minst en amputasjon over ankel (major),Antall diabetespasienter med minst en amputasjon over ankel (major),Underekstremitetsamputasjoner blant pasienter med diabetes,NKI,Antall,Ingen retning,,false,Kvalitet
a02c9c614eb4d8536a7cc691e9c87436,Totalt antall avsluttede henvisningsperioder registrert med kode innen akse 1,Totalt antall avsluttede henvisningsperioder registrert med kode innen akse 1,Utfaset - Bruk av spesifikke tilstandskoder i psykisk helsevern for barn og unge,NKI,Antall,Ingen retning,,true,Kvalitet
a2f95350ecc0d0876ccd9c6d932e2671,Totalt antall kolecystektomier i perioden,Totalt antall kolecystektomier i perioden,Utfaset - Dype og organ/hulromsinfeksjoner etter fjerning av galleblære (kolecystektomi),NKI,Antall,Ingen retning,,true,Kvalitet
20294caf6e836731dcc777a717d75389,Antall epikriser sendt innen 7 dager,Antall epikriser sendt innen 7 dager,Utfaset - Epikrisetid ved utskriving fra somatisk helsetjeneste,NKI,Antall,Høyere er bedre,,true,Kvalitet
364010c4843e260467d4a0e6ef9b85c8,Andel epikriser sendt innen 1 dag etter utskrivning fra PHV,Andel epikriser sendt innen 1 dag etter utskrivning fra PHV,Utfaset - Epikrisetid ved utskrivning fra døgnbehandling i psykisk helse for voksne,NKI,Prosent,Høyere er bedre,70.0,true,Kvalitet
55489054b4910eef66f421229aa0028a,Andel nye henvisninger med registrert henvisningsformalitet,Andel nye henvisninger med registrert henvisningsformalitet,Utfaset - Kompletthet i dokumentasjon og rapportering av henvisningsformalitet i psykisk helsevern for voksne,NKI,Prosent,Ingen retning,,true,Kvalitet
2926fec2bec09463b90f23d71a965fdc,Totalt antall pakkeforløp for bukspyttkjertelkreft som er avsluttet i perioden,Totalt antall pakkeforløp for bukspyttkjertelkreft som er avsluttet i perioden,Utfaset - Pakkeforløp for bukspyttkjertelkreft,NKI,Antall,Ingen retning,,true,Kvalitet
79a3239648566134c97b1baa6dad6967,Totalt antall kreftpasienter som inngår i pakkeforløp for eggstokkreft,Totalt antall kreftpasienter som inngår i pakkeforløp for eggstokkreft,Utfaset - Pakkeforløp for eggstokkreft,NKI,Antall,Ingen retning,,true,Kvalitet
dc97cf8628a5598b6ceb89caeda8a018,Andel nye kreftpasienter som inngår i pakkeforløp for barn,Andel nye kreftpasienter som inngår i pakkeforløp for barn,Utfaset - Pakkeforløp for kreft hos barn,NKI,Prosent,Ingen retning,,true,Kvalitet
4d54f333a9f93a0d27809372b4f26cf0,Antall pakkeforløp for kreft i skjoldbruskkjertelen gjennomført innen maksimal anbefalt forløpstid,Antall pakkeforløp for kreft i skjoldbruskkjertelen gjennomført innen maksimal anbefalt forløpstid,Utfaset - Pakkeforløp for kreft i skjoldbruskkjertelen,NKI,Antall,Høyere er bedre,,true,Kvalitet
d82f61134e971df9dda93ca510649d1b,Totalt antall kreftpasienter som inngår i pakkeforløp for livmorkreft,Totalt antall kreftpasienter som inngår i pakkeforløp for livmorkreft,Utfaset - Pakkeforløp for livmorkreft,NKI,Antall,Ingen retning,,true,Kvalitet
f5f112fce92af50861f769e56293acce,Antall nye kreftpasienter som inngår i pakkeforløp for lungekreft,Antall nye kreftpasienter som inngår i pakkeforløp for lungekreft,Utfaset - Pakkeforløp for lungekreft,NKI,Antall,Ingen retning,,true,Kvalitet
62b0590783942627cc4b36334b603d6a,Andel pakkeforløp for malignt melanom gjennomført innen maksimal anbefalt forløpstid,Andel pakkeforløp for malignt melanom gjennomført innen maksimal anbefalt forløpstid,Utfaset - Pakkeforløp for malignt melanom,NKI,Prosent,Høyere er bedre,,true,Kvalitet
5ec4010d918c1de47812eb35a619718c,Totalt antall pakkeforløp for malignt melanom som er avsluttet i perioden,Totalt antall pakkeforløp for malignt melanom som er avsluttet i perioden,Utfaset - Pakkeforløp for malignt melanom,NKI,Antall,Ingen retning,,true,Kvalitet
b2d90c989a3302a09eb1f9d7969d7219,Antall pakkeforløp for nyrekreft gjennomført innen maksimal anbefalt forløpstid,Antall pakkeforløp for nyrekreft gjennomført innen maksimal anbefalt forløpstid,Utfaset - Pakkeforløp for nyrekreft,NKI,Antall,Høyere er bedre,,true,Kvalitet
03c44997530395f5bd477491038cb203,Antall pakkeforløp for prostatakreft med medikamentell behandling (A16FM) gjennomført innen standardforløpstid,Antall pakkeforløp for prostatakreft med medikamentell behandling (A16FM) gjennomført innen standardforløpstid,Utfaset - Pakkeforløp for prostatakreft,NKI,Antall,Høyere er bedre,,true,Kvalitet
bc05088ada444fb8287cbe19563b9fc9,Andel pakkeforløp for testikkelkreft gjennomført innen maksimal anbefalt forløpstid,Andel pakkeforløp for testikkelkreft gjennomført innen maksimal anbefalt forløpstid,Utfaset - Pakkeforløp for testikkelkreft,NKI,Prosent,Høyere er bedre,,true,Kvalitet
835f164386dc9d8242b5347e24ab2a31,Andel selvbestemte aborter gjennomført medikamentelt inntil utgangen av 12. uke (11 + 6 dager),Andel selvbestemte aborter gjennomført medikamentelt inntil utgangen av 12. uke (11 + 6 dager),Utfaset - Selvbestemt abort gjennomført medikamentelt eller kirurgisk,NKI,Prosent,Høyere er bedre,,true,Kvalitet
f97cd442006096f1583035f28854719f,Totalt antall pasienter med plutselig uventet hjertestans som fikk HLR,Totalt antall pasienter med plutselig uventet hjertestans som fikk HLR,Vellykket gjenopplivning etter hjertestans,NKI,Antall,Ingen retning,,false,Kvalitet
0a988b55e02b5c33d0cd4dfa4bb2a349,30-dagers overlevelse etter hoftebrudd,30-dagers overlevelse etter hoftebrudd,30 dagers overlevelse etter sykehusinnleggelse ved hoftebrudd,NKI,Prosent,Høyere er bedre,,false,Kvalitet
326b98fb4d69e69a66399651d39a05fe,Antall dødfødte barn per 1000 fødte barn,Antall dødfødte barn per 1000 fødte barn,Dødfødte barn,NKI,Antall,Ingen retning,,false,Kvalitet
4d3587f2ae3c842f4eed918b63c4f4e8,Antall dødfødte barn per 1000 fødte barn siste 2 år,Antall dødfødte barn per 1000 fødte barn siste 2 år,Dødfødte barn,NKI,Antall,Ingen retning,,false,Kvalitet
f0f865783518b9372216c00489603f45,Andel avsluttede pasientforløp i TSB hvor epikrise sendes innen 7 dager,Andel avsluttede pasientforløp i TSB hvor epikrise sendes innen 7 dager,Epikrisetid ved utskrivning fra døgnbehandling i TSB,NKI,Prosent,Høyere er bedre,,false,Kvalitet
2ec90ce1056ca06fbfb7c60e5a386f32,Antall avsluttede pasientforløp i TSB hvor epikrise sendes innen 7 dager,Antall avsluttede pasientforløp i TSB hvor epikrise sendes innen 7 dager,Epikrisetid ved utskrivning fra døgnbehandling i TSB,NKI,Antall,Høyere er bedre,,false,Kvalitet
5b2e9ca3704c6993f4c2988e6a476933,Tredjegenerasjons cefalosporiner - DDD per 100 liggedøgn,Tredjegenerasjons cefalosporiner - DDD per 100 liggedøgn,Forbruk av et utvalg bredspektrede antibiotika i sykehus,NKI,Ukjent,Ingen retning,,false,Kvalitet
d41a7be2d5992caa635adc4a2a2c889b,Antall store rifter blant førstegangsfødende forløst instrumentelt,Antall store rifter blant førstegangsfødende forløst instrumentelt,Forekomst av fødselsrifter,NKI,Antall,Ingen retning,,false,Kvalitet
887258b5e610a927f85d8db066419ef7,Antall pasienter som har gjennomført første evaluering av behandlingen i poliklinikk innenfor anbefalt forløpstid,Antall pasienter som har gjennomført første evaluering av behandlingen i poliklinikk innenfor anbefalt forløpstid,Forløpstid for evaluering av tverrfaglig spesialisert rusbehandling (TSB) i poliklinikk,NKI,Antall,Høyere er bedre,,false,Kvalitet
56b459551142ac3ed476e35ab245748b,Totalt antall pasienter som inngår i målingen,Totalt antall pasienter som inngår i målingen,Forløpstid for evaluering av tverrfaglig spesialisert rusbehandling (TSB) i poliklinikk,NKI,Antall,Ingen retning,,false,Kvalitet
1e6982a5d6b53492cdb6b00e90d67bad,Andel av pasienter i pasientforløp som sammen med behandler har utarbeidet en behandlingsplan,Andel av pasienter i pasientforløp som sammen med behandler har utarbeidet en behandlingsplan,Medvirkning i egen behandling - Involvering i behandlingsplan i psykisk helse barn og unge,NKI,Prosent,Ingen retning,,false,Kvalitet
03d02bf19806db7e12ea16dff20f0b75,Totalt antall pasienter som inngår i målingen,Totalt antall pasienter som inngår i målingen,Medvirkning i egen behandling - Involvering i behandlingsplan i tverrfaglig spesialisert behandling,NKI,Antall,Ingen retning,,false,Kvalitet
c8fd4bead76aa24b4bcce9c67128a168,30 dagers oppfølging av infeksjonstatus etter inngrep i tykktarmen,30 dagers oppfølging av infeksjonstatus etter inngrep i tykktarmen,Oppfølging av infeksjonsstatus 30 dager etter inngrep i tykktarmen (koloninngrep),NKI,Prosent,Ingen retning,,false,Kvalitet
e743fae62d789ae2f4d241ab8e0b9627,30 dagers oppfølging av infeksjonsstatus etter utført keisersnitt,30 dagers oppfølging av infeksjonsstatus etter utført keisersnitt,Oppfølging av infeksjonsstatus 30 dager etter keisersnitt,NKI,Prosent,Ingen retning,,false,Kvalitet
f70872e9e08217b161004d5db56e9610,Totalt antall hemiprotesekirurgier (hofte) utført i perioden,Totalt antall hemiprotesekirurgier (hofte) utført i perioden,Postoperative infeksjoner etter innsetting av hemiprotese (hofte),NKI,Antall,Ingen retning,,false,Kvalitet
16f0395ac0e37c45ad9d8045d5d231d6,Andel keisersnitt med overfladiske infeksjoner innen 30 dager etter utført keisersnitt i perioden,Andel keisersnitt med overfladiske infeksjoner innen 30 dager etter utført keisersnitt i perioden,Postoperative infeksjoner etter keisersnitt,NKI,Prosent,Ingen retning,,false,Kvalitet
3b851e085857a23076ddcbfea8074cea,90-percentilet fra 113-oppringning til ambulansen er på hendelsesstedet i akutte hendelser i grisgrendt strøk (minutter),90-percentilet fra 113-oppringning til ambulansen er på hendelsesstedet i akutte hendelser i grisgrendt strøk (minutter),Tid fra AMK varsles til ambulanse er på hendelsessted (AMK-område),NKI,Ukjent,Ingen retning,,false,Kvalitet
fa560db879fd44f5886d41068d383dbe,Antall pasienter med symptomatisk carotisstenose behandlet innen 14 dager etter symptomdebut.,Antall pasienter med symptomatisk carotisstenose behandlet innen 14 dager etter symptomdebut.,Tid fra symptom til behandling av åreforkalkning i halspulsåren,NKI,Antall,Ingen retning,,false,Kvalitet
a969eb076f3eb1f99805a8cbb6b1c7d1,Andel pasienter med hjerneinfarkt som er trombolysebehandlet innen 40 min. etter innleggelse,Andel pasienter med hjerneinfarkt som er trombolysebehandlet innen 40 min. etter innleggelse,Trombolysebehandling av hjerneinfarkt innen 40 minutter,NKI,Prosent,Ingen retning,,false,Kvalitet
fb329e27b647ce666c82653b1707c3c4,Antall pasienter i døgnbehandling med vedtak om kortvarig anbringelse bak låst/stengt dør i måleperioden,Antall pasienter i døgnbehandling med vedtak om kortvarig anbringelse bak låst/stengt dør i måleperioden,Tvangsmiddelbruk i psykisk helsevern for voksne,NKI,Antall,Ingen retning,,false,Kvalitet
0f76add689f26e06db108fac2d75a398,Antall manglende epikriser,Antall manglende epikriser,Utfaset - Epikrisetid ved utskrivning fra døgnbehandling i tverrfaglig spesialisert rusbehandling,NKI,Antall,Høyere er bedre,,true,Kvalitet
c1510891f3dfc75911b126f0cc0800dc,Antall pasienter som er utskrevet fra TSB,Antall pasienter som er utskrevet fra TSB,Utfaset - Epikrisetid ved utskrivning fra døgnbehandling i tverrfaglig spesialisert rusbehandling,NKI,Antall,Ingen retning,,true,Kvalitet
c491898c659bd3dc40d4362a5eb6cf92,Andel voksne med schizofreni som har fått individuell plan i PHV,Andel voksne med schizofreni som har fått individuell plan i PHV,Utfaset - Individuell plan med diagnose schizofreni i psykisk helsevern for voksne (PHV),NKI,Prosent,Ingen retning,,true,Kvalitet
0be12f91779af058f7232da89bfd67a2,"Andel oppdaterte ventetider på Velg behandlingssted innen habilitering, barn og unge","Andel oppdaterte ventetider på Velg behandlingssted innen habilitering, barn og unge",Utfaset - Oppdaterte ventetider i Velg behandlingssted,NKI,Prosent,Lavere er bedre,,true,Kvalitet
400f8fc22a29c5f6d145c2c718fbafd7,Andel pakkeforløp for eggstokkreft gjennomført innen maksimal anbefalt forløpstid,Andel pakkeforløp for eggstokkreft gjennomført innen maksimal anbefalt forløpstid,Utfaset - Pakkeforløp for eggstokkreft,NKI,Prosent,Høyere er bedre,,true,Kvalitet
ab29b004363a9e826348f18a2cd50892,Andel nye kreftpasienter som inngår i pakkeforløp for galleveiskreft,Andel nye kreftpasienter som inngår i pakkeforløp for galleveiskreft,Utfaset - Pakkeforløp for Galleveiskreft,NKI,Prosent,Ingen retning,,true,Kvalitet
aebaf21185398dabd9392cebec81fd18,Antall nye kreftpasienter som inngår i pakkeforløp for hjernekreft,Antall nye kreftpasienter som inngår i pakkeforløp for hjernekreft,Utfaset - Pakkeforløp for hjernekreft,NKI,Antall,Ingen retning,,true,Kvalitet
343dfcca266041b85ed1afc1bac53900,Antall pakkeforløp for kreft hos barn gjennomført innen maksimal anbefalt forløpstid,Antall pakkeforløp for kreft hos barn gjennomført innen maksimal anbefalt forløpstid,Utfaset - Pakkeforløp for kreft hos barn,NKI,Antall,Høyere er bedre,,true,Kvalitet
b7239387a1b0e23ce7b5ea10a21bed38,Totalt antall kreftpasienter som inngår i pakkeforløp for skjoldbruskkjertelkreft,Totalt antall kreftpasienter som inngår i pakkeforløp for skjoldbruskkjertelkreft,Utfaset - Pakkeforløp for kreft i skjoldbruskkjertelen,NKI,Antall,Ingen retning,,true,Kvalitet
ddf3e33bb4c9974b94d7d096f8b1c436,Totalt antall kreftpasienter som inngår i pakkeforløp for malignt melanom,Totalt antall kreftpasienter som inngår i pakkeforløp for malignt melanom,Utfaset - Pakkeforløp for malignt melanom,NKI,Antall,Ingen retning,,true,Kvalitet
489c46754c6e29ca807338560b4b849a,Andel pakkeforløp for nevroendokrine svulster gjennomført innen maksimal anbefalt forløpstid,Andel pakkeforløp for nevroendokrine svulster gjennomført innen maksimal anbefalt forløpstid,Utfaset - Pakkeforløp for nevroendokrine svulster,NKI,Prosent,Høyere er bedre,,true,Kvalitet
95786acc06d66bd8e29a19d85f818644,Antall nye kreftpasienter som inngår i pakkeforløp for peniskreft,Antall nye kreftpasienter som inngår i pakkeforløp for peniskreft,Utfaset - Pakkeforløp for peniskreft,NKI,Antall,Ingen retning,,true,Kvalitet
c38453d07f785789ea66ed315604f59f,Antall pakkeforløp for testikkelkreft gjennomført innen maksimal anbefalt forløpstid,Antall pakkeforløp for testikkelkreft gjennomført innen maksimal anbefalt forløpstid,Utfaset - Pakkeforløp for testikkelkreft,NKI,Antall,Høyere er bedre,,true,Kvalitet
eb29a6f5ecbfd2567987c34c455e4901,Totalt antall kreftpasienter som inngår i pakkeforløp for testikkelkreft,Totalt antall kreftpasienter som inngår i pakkeforløp for testikkelkreft,Utfaset - Pakkeforløp for testikkelkreft,NKI,Antall,Ingen retning,,true,Kvalitet
6c6467ce4002bcf5eff008716420c8da,Andel pakkeforløp for tykk- og endetarmskreft gjennomført innen maksimal anbefalt forløpstid,Andel pakkeforløp for tykk- og endetarmskreft gjennomført innen maksimal anbefalt forløpstid,Utfaset - Pakkeforløp for tykk- og endetarmskreft,NKI,Prosent,Høyere er bedre,,true,Kvalitet
cb81b0b405a67e8224b77ffe1f6825fd,Antall pakkeforløp for tykk- og endetarmskreft med strålebehandling gjennomført innen standardforløpstid,Antall pakkeforløp for tykk- og endetarmskreft med strålebehandling gjennomført innen standardforløpstid,Utfaset - Pakkeforløp for tykk- og endetarmskreft,NKI,Antall,Høyere er bedre,,true,Kvalitet
248b8f26ca602b7ad05f441a5b80dad0,Antall utsettelser av planlagte operasjoner,Antall utsettelser av planlagte operasjoner,Utsettelse av planlagte operasjoner,NKI,Antall,Ingen retning,,false,Kvalitet
1992633261fddef786b7210563f4307e,Barne- og ungdomsgarantien: Andel (%) til vurdering innen 10 dager,Barne- og ungdomsgarantien: Andel (%) til vurdering innen 10 dager,"Barne- og ungdomsgarantien, andel vurdert innen 10 dager",NKI,Prosent,Ingen retning,,false,Kvalitet
edae3609ece53a119204f2da9706c0a5,Alle vaginale fødsler,Alle vaginale fødsler,Forekomst av fødselsrifter,NKI,Ukjent,Ingen retning,,false,Kvalitet
0b22fa3a7c030b37ecfcf0f53b7ac6fa,Andel pasienter som har blitt utredet innen anbefalt forløpstid,Andel pasienter som har blitt utredet innen anbefalt forløpstid,Forløpstid for utredning i psykisk helsevern barn og unge,NKI,Prosent,Ingen retning,,false,Kvalitet
5dc8e331bd2d35f7238c51ace7198f98,Totalt antall pasienter som inngår i målingen,Totalt antall pasienter som inngår i målingen,Forløpstid for utredning i psykisk helsevern barn og unge,NKI,Antall,Ingen retning,,false,Kvalitet
b917ab9fc224940f8bccbf3d67a16cf5,Median ventetid i TSB i antall dager,Median ventetid i TSB i antall dager,Gjennomsnittlig og median ventetid i tverrfaglig spesialisert rusbehandling,NKI,Dager,Lavere er bedre,,false,Kvalitet
8866e0bc58f3eb76870a7f839b3d0624,Totalt antall behandlet for lungekreft,Totalt antall behandlet for lungekreft,Kurativ behandling av lungekreft,NKI,Antall,Ingen retning,,false,Kvalitet
3f286bda204239b3bb731a53d3acb43c,Totalt antall pasienter med aneurismer,Totalt antall pasienter med aneurismer,Legemiddelbehandling i tråd med nasjonale retningslinjer etter operasjon for utposning på hovedpulsåren (aortaaneurisme),NKI,Antall,Ingen retning,,false,Kvalitet
7f7e6506117eb177f2c047eba5b0524a,Antall pasienter i pasientforløp som sammen med behandler har utarbeidet en behandlingsplan,Antall pasienter i pasientforløp som sammen med behandler har utarbeidet en behandlingsplan,Medvirkning i egen behandling - Involvering i behandlingsplan i psykisk helse barn og unge,NKI,Antall,Ingen retning,,false,Kvalitet
06b4a49675805a9fa5711f3865402858,Totalt antall pasienter som inngår i målingen,Totalt antall pasienter som inngår i målingen,Medvirkning i egen behandling - Involvering i behandlingsplan i psykisk helsevern for voksne,NKI,Antall,Ingen retning,,false,Kvalitet
155b898fb687674687b88b5db37137eb,"Antall 24 organspesifikke kreft pakkeforløp gjennomført innen standardforløpstid, medikamentell behandling","Antall 24 organspesifikke kreft pakkeforløp gjennomført innen standardforløpstid, medikamentell behandling",Pakkeforløp for 24 organspesifikke kreftformer,NKI,Antall,Høyere er bedre,,false,Kvalitet
391eaabc6bf72edc013e8069be7e4243,Andel pasienter under 80 år med lavrisiko prostatakreft som får radikal behandling,Andel pasienter under 80 år med lavrisiko prostatakreft som får radikal behandling,Pasienter med lavrisiko prostatakreft som får radikal behandling,NKI,Prosent,Ingen retning,,false,Kvalitet
68664cca87b646d37c76cfaf70c965b0,Antall med nydiagnostisert attakkvis MS som har startet med sykdomsmodulerende behandling innen 3 uker,Antall med nydiagnostisert attakkvis MS som har startet med sykdomsmodulerende behandling innen 3 uker,Pasienter med multippel sklerose som starter med behandling innen anbefalt tid etter diagnose,NKI,Antall,Ingen retning,,false,Kvalitet
c630468ea39b48a8b4cb805bc9234eb4,Totalt antall aortakoronare bypasskirurgier i perioden,Totalt antall aortakoronare bypasskirurgier i perioden,Postoperative infeksjoner etter aortakoronar bypasskirurgi,NKI,Antall,Ingen retning,,false,Kvalitet
f5616e7cca5689991525102e57578d1c,Sannsynlighet for reinnleggelse av eldre med astma/kols,Sannsynlighet for reinnleggelse av eldre med astma/kols,Reinnleggelse innen 30 dager (uansett årsak) etter utskriving fra sykehus for eldre pasienter med astma/KOLS,NKI,Prosent,Lavere er bedre,,false,Kvalitet
ba95c89ec00dfb0888f5f35e1d3c522b,Totalt antall med nydiagnostisert attakkvis MS som starter sykdomsmodulerende behandling,Totalt antall med nydiagnostisert attakkvis MS som starter sykdomsmodulerende behandling,Tidlig høyeffektiv behandling ved multippel sklerose,NKI,Antall,Ingen retning,,false,Kvalitet
309c9829eaedffe98ca213c5a8b2d8ed,Antall tvangsinnleggelser i psykisk helsevern for voksne,Antall tvangsinnleggelser i psykisk helsevern for voksne,Tvangsinnleggelser i psykisk helsevern for voksne,NKI,Antall,Ingen retning,,false,Kvalitet
d90e43f40d66cca564f5fcf44a8579e9,Antall pasienter i døgnbehandling med vedtak om kortvarig fastholding i måleperioden,Antall pasienter i døgnbehandling med vedtak om kortvarig fastholding i måleperioden,Tvangsmiddelbruk i psykisk helsevern for voksne,NKI,Antall,Ingen retning,,false,Kvalitet
b743d9dac88327a8bec69bada4227517,Antall per 1000 diabetespasienter med en eller flere amputasjoner,Antall per 1000 diabetespasienter med en eller flere amputasjoner,Underekstremitetsamputasjoner blant pasienter med diabetes,NKI,Antall,Ingen retning,,false,Kvalitet
808c8d11032ecf792e0d57adb261b35f,Antall avsluttede henvisningsperioder registrert med spesifikk kode innen akse 1,Antall avsluttede henvisningsperioder registrert med spesifikk kode innen akse 1,Utfaset - Bruk av spesifikke tilstandskoder i psykisk helsevern for barn og unge,NKI,Antall,Ingen retning,,true,Kvalitet
68ce9e933957e0d973c908ea943f8a2a,Totalt antall avsluttede henvisningsperioder registrert med kode innen akse 3,Totalt antall avsluttede henvisningsperioder registrert med kode innen akse 3,Utfaset - Bruk av spesifikke tilstandskoder i psykisk helsevern for barn og unge,NKI,Antall,Ingen retning,,true,Kvalitet
5258bce56054b9e6cf467963b1c8e3f0,Totalt antall pasienter i Barnediabetesregisteret med registrert årskontroll,Totalt antall pasienter i Barnediabetesregisteret med registrert årskontroll,Utfaset - Diabetes type 1 hos barn - LDL-kolesterol,NKI,Antall,Ingen retning,,true,Kvalitet
3095f5eb8cd3a3048a57c7c70b6c99fd,Andel keisersnitt med dype og organ/hulromsinfeksjoner innen 30 dager etter utført inngrep i perioden,Andel keisersnitt med dype og organ/hulromsinfeksjoner innen 30 dager etter utført inngrep i perioden,Utfaset - Dype og organ/hulromsinfeksjoner etter utført keisersnitt,NKI,Prosent,Ingen retning,,true,Kvalitet
dc755f8a280c516ee902fce18c1c56fd,Andel pasienter med NSTEMI som utredes med kransårerøntgen innen 72 timer etter innleggelse,Andel pasienter med NSTEMI som utredes med kransårerøntgen innen 72 timer etter innleggelse,Utfaset - Kransårerøntgen innen anbefalt tid ved hjerteinfarkt,NKI,Prosent,Ingen retning,,true,Kvalitet
294728bc0b2e3a27300c4347c1c4fbea,"Andel oppdaterte ventetider for Velg behandlingssted, uavhengig av fagområde","Andel oppdaterte ventetider for Velg behandlingssted, uavhengig av fagområde",Utfaset - Oppdaterte ventetider i Velg behandlingssted,NKI,Prosent,Lavere er bedre,,true,Kvalitet
999216de289dadae137ef3ba1a02843d,Totalt antall pakkeforløp for brystkreft med medikamentell behandling,Totalt antall pakkeforløp for brystkreft med medikamentell behandling,Utfaset - Pakkeforløp for brystkreft,NKI,Antall,Ingen retning,,true,Kvalitet
bc9a3672b71c46514d9ae9095c8d00cd,Totalt antall kreftpasienter som inngår i pakkeforløp for bukspyttkjertelkreft,Totalt antall kreftpasienter som inngår i pakkeforløp for bukspyttkjertelkreft,Utfaset - Pakkeforløp for bukspyttkjertelkreft,NKI,Antall,Ingen retning,,true,Kvalitet
a36aca5f52845297f6479d522f06962b,Andel pakkeforløp for hjernekreft gjennomført innen maksimal anbefalt forløpstid,Andel pakkeforløp for hjernekreft gjennomført innen maksimal anbefalt forløpstid,Utfaset - Pakkeforløp for hjernekreft,NKI,Prosent,Høyere er bedre,,true,Kvalitet
e9485ea7af952bfb8750a27239a2f048,Antall nye kreftpasienter som inngår i pakkeforløp for skjoldbruskkjertelkreft,Antall nye kreftpasienter som inngår i pakkeforløp for skjoldbruskkjertelkreft,Utfaset - Pakkeforløp for kreft i skjoldbruskkjertelen,NKI,Antall,Ingen retning,,true,Kvalitet
535e6839f29d6f519add2210032e57c9,Andel pakkeforløp for livmorhalskreft gjennomført innen maksimal anbefalt forløpstid,Andel pakkeforløp for livmorhalskreft gjennomført innen maksimal anbefalt forløpstid,Utfaset - Pakkeforløp for livmorhalskreft,NKI,Prosent,Høyere er bedre,,true,Kvalitet
e9da5a9e0466fba211c1df87b6e1e3e6,Totalt antall pakkeforløp for livmorkreft som er avsluttet i perioden,Totalt antall pakkeforløp for livmorkreft som er avsluttet i perioden,Utfaset - Pakkeforløp for livmorkreft,NKI,Antall,Ingen retning,,true,Kvalitet
fa8cac647d2c13ecf07970e53d1a4614,Totalt antall pakkeforløp for lungekreft med medikamentell behandling,Totalt antall pakkeforløp for lungekreft med medikamentell behandling,Utfaset - Pakkeforløp for lungekreft,NKI,Antall,Ingen retning,,true,Kvalitet
75da6def1dd38d8f2b138af697514f70,Antall nye kreftpasienter som inngår i pakkeforløp for lymfom,Antall nye kreftpasienter som inngår i pakkeforløp for lymfom,Utfaset - Pakkeforløp for lymfom,NKI,Antall,Ingen retning,,true,Kvalitet
2f0850e8aa298c3289a3068f3eed2581,Totalt antall kreftpasienter som inngår i pakkeforløp for myelomatose,Totalt antall kreftpasienter som inngår i pakkeforløp for myelomatose,Utfaset - Pakkeforløp for myelomatose,NKI,Antall,Ingen retning,,true,Kvalitet
22d74d8f57d533a7eccb535486c4aee6,Antall pakkeforløp for nevroendokrine svulster gjennomført innen maksimal anbefalt forløpstid,Antall pakkeforløp for nevroendokrine svulster gjennomført innen maksimal anbefalt forløpstid,Utfaset - Pakkeforløp for nevroendokrine svulster,NKI,Antall,Høyere er bedre,,true,Kvalitet
c6b2081c31742ff707aefe3675448d28,Antall pakkeforløp for sarkom gjennomført innen maksimal anbefalt forløpstid,Antall pakkeforløp for sarkom gjennomført innen maksimal anbefalt forløpstid,Utfaset - Pakkeforløp for sarkom,NKI,Antall,Høyere er bedre,,true,Kvalitet
1d6bc0224996649b25fd6aee54d6d159,Antall pakkeforløp for tykk- og endetarmskreft med medikamentell behandling gjennomført innen standardforløpstid,Antall pakkeforløp for tykk- og endetarmskreft med medikamentell behandling gjennomført innen standardforløpstid,Utfaset - Pakkeforløp for tykk- og endetarmskreft,NKI,Antall,Høyere er bedre,,true,Kvalitet
0cdbbdb893c56770e000eb8a67b0b9db,Totalt antall pakkeforløp for tykk- og endetarmskreft med kirurgisk behandling,Totalt antall pakkeforløp for tykk- og endetarmskreft med kirurgisk behandling,Utfaset - Pakkeforløp for tykk- og endetarmskreft,NKI,Antall,Ingen retning,,true,Kvalitet
a502d880e8aca75fe6d63cd46f00ebff,Totalt antall innbyggere,Totalt antall innbyggere,Vellykket gjenopplivning etter hjertestans,NKI,Antall,Ingen retning,,false,Kvalitet
da9a06071d12ed07f3a32411ce638c57,ANT_KONT_POL,Antall kontakter i poliklinikk,Aktivitet i spesialisthelsetjenesten,NPR,Antall,Ingen retning,,false,Aktivitet
e362f521731d3ee1b54fb74c0372e541,Andel pasienter med akutt hjerneslag behandlet i slagenhet,Andel pasienter med akutt hjerneslag behandlet i slagenhet,Behandlet i slagenhet etter akutt hjerneslag,NKI,Prosent,Ingen retning,,false,Kvalitet
7a367ce7753d6975f7f4b42564bac8be,Antall pasienter med akutt hjerneslag behandlet i slagenhet,Antall pasienter med akutt hjerneslag behandlet i slagenhet,Behandlet i slagenhet etter akutt hjerneslag,NKI,Antall,Ingen retning,,false,Kvalitet
50ab4d8f72471cfc418f16d38caff219,Totalt antall nyhenviste,Totalt antall nyhenviste,Brudd på vurderingsgarantien i psykisk helsevern for voksne,NKI,Antall,Ingen retning,,false,Kvalitet
3af52e5faf83db79882d838d14802999,Andel pasienter med insulinsjokk registrert på årskontroll,Andel pasienter med insulinsjokk registrert på årskontroll,Diabetes type 1 hos barn - Alvorlige akutte komplikasjoner,NKI,Prosent,Ingen retning,,false,Kvalitet
cdc3f3886d5ac833aacc2cd8feb10bc5,Andel pasienter som oppnår behandlingsmål HbA1c < 48 mmol/mol,Andel pasienter som oppnår behandlingsmål HbA1c < 48 mmol/mol,Diabetes type 1 hos barn - Blodsukkerregulering,NKI,Prosent,Ingen retning,,false,Kvalitet
4c4575b3154e0d145cc0bb4753baf748,Antall barn som dør 0-27 dager (neonatalt døde) etter fødsel siste 2 år,Antall barn som dør 0-27 dager (neonatalt døde) etter fødsel siste 2 år,Dødelighet i nyfødtperioden,NKI,Antall,Ingen retning,,false,Kvalitet
f9b856ecee8bb833dbcc558c4405ab7e,Antall dødfødte barn siste 2 år,Antall dødfødte barn siste 2 år,Dødfødte barn,NKI,Antall,Ingen retning,,false,Kvalitet
aa4b1d7337cdc8254ae3091ee48f8ca2,Antall avsluttede pasientforløp i somatikk hvor epikrise sendes innen 1 dag,Antall avsluttede pasientforløp i somatikk hvor epikrise sendes innen 1 dag,Epikrisetid ved utskriving fra somatisk helsetjeneste,NKI,Antall,Høyere er bedre,,false,Kvalitet
21b8d5e4ecee4c380e7eb71bcc02739d,Andel avsluttede pasientforløp i PHV hvor epikrise sendes innen 7 dager,Andel avsluttede pasientforløp i PHV hvor epikrise sendes innen 7 dager,Epikrisetid ved utskrivning fra døgnbehandling i psykisk helsevern for voksne,NKI,Prosent,Høyere er bedre,,false,Kvalitet
3f84a920531d828e331305ce5e6bd99f,Andel pasienter som har blitt utredet innen anbefalt forløpstid,Andel pasienter som har blitt utredet innen anbefalt forløpstid,Forløpstid for utredning i psykisk helsevern for voksne,NKI,Prosent,Ingen retning,,false,Kvalitet
cf5d144b0130dfd18e93117d26cdd178,Totalt antall pasienter som inngår i målingen,Totalt antall pasienter som inngår i målingen,Forløpstid for utredning i psykisk helsevern for voksne,NKI,Antall,Ingen retning,,false,Kvalitet
3070db68d51864a8b5df533d49cec066,Antall pasienter som har blitt utredet innen anbefalt forløpstid,Antall pasienter som har blitt utredet innen anbefalt forløpstid,Forløpstid for utredning i tverrfaglig spesialisert rusbehandling (TSB),NKI,Antall,Ingen retning,,false,Kvalitet
3e6203993045cbde6ecaac9fd520d488,Andel fristbrudd for pasienter som har påbegynt helsehjelp i PHV,Andel fristbrudd for pasienter som har påbegynt helsehjelp i PHV,Fristbrudd for pasienter som har påbegynt behandling i psykisk helsevern for voksne,NKI,Prosent,Lavere er bedre,,false,Kvalitet
04e1e70751f8a35c5ec68e808f6b6cfe,Antall pasienter med akutt hjerneslag som har fått tverrfaglig funksjonsvurdering innen 7 dager,Antall pasienter med akutt hjerneslag som har fått tverrfaglig funksjonsvurdering innen 7 dager,Gjennomført tverrfaglig funksjonsvurdering innen anbefalt tid etter hjerneslag,NKI,Antall,Ingen retning,,false,Kvalitet
0340f9057f0f851e82b491902f1e0f19,Antall operasjoner innen 24 timer,Antall operasjoner innen 24 timer,Hoftebrudd operert innen 24 timer og 48 timer,NKI,Antall,Ingen retning,,false,Kvalitet
e727c3320c6120e8bf3ced67f28ce7ea,30 dagers oppfølging av infeksjonstatus etter innsetting av totalprotese (hofte),30 dagers oppfølging av infeksjonstatus etter innsetting av totalprotese (hofte),Oppfølging av infeksjonsstatus 30 dager etter innsetting av totalprotese (hofte),NKI,Prosent,Ingen retning,,false,Kvalitet
70a88711baab9c85b8fb2eec84806c94,Antall aortakoronar bypass operasjoner i siste periode,Antall aortakoronar bypass operasjoner i siste periode,Oppfølging av infeksjonsstatus 30 dager etter utført aortakoronar bypass,NKI,Antall,Ingen retning,,false,Kvalitet
c1db17f9089a2c297bf72ef6b753da89,"Totalt antall 24 organspesifikke kreft pakkeforløp, medikamentell behandling","Totalt antall 24 organspesifikke kreft pakkeforløp, medikamentell behandling",Pakkeforløp for 24 organspesifikke kreftformer,NKI,Antall,Ingen retning,,false,Kvalitet
28d230c1fd510f604267b986964134b5,"Totalt antall 24 organspesifikke kreft pakkeforløp, strålebehandling","Totalt antall 24 organspesifikke kreft pakkeforløp, strålebehandling",Pakkeforløp for 24 organspesifikke kreftformer,NKI,Antall,Ingen retning,,false,Kvalitet
8f696bf69e060e7c38f04d9cce53c424,Miljø (0-100),Miljø (0-100),Pasienterfaringer med døgnopphold innen psykisk helsevern,NKI,Ukjent,Ingen retning,,false,Kvalitet
2c2784a44423e7012305f12fc4d6ca6c,Totalt antall pasienter behandlet for symptomatisk carotisstenose,Totalt antall pasienter behandlet for symptomatisk carotisstenose,Tid fra symptom til behandling av åreforkalkning i halspulsåren,NKI,Antall,Ingen retning,,false,Kvalitet
74340f2083cbc295a11906b24938e3d4,Antall pasienter med hjerneinfarkt som er trombolysebehandlet innen 40 min. etter innleggelse,Antall pasienter med hjerneinfarkt som er trombolysebehandlet innen 40 min. etter innleggelse,Trombolysebehandling av hjerneinfarkt innen 40 minutter,NKI,Antall,Ingen retning,,false,Kvalitet
6d7059b75850f7b655617ed376b4a5fa,Antall pasienter som har fått antitrombotisk behandling etter hjerneinfarkt,Antall pasienter som har fått antitrombotisk behandling etter hjerneinfarkt,Utfaset - Antitrombotisk behandling etter hjerneinfarkt,NKI,Antall,Ingen retning,,true,Kvalitet
c155d8b07e9ab97fa7faea4861ecfd65,Alle pasienter med atrieflimmer utskrevet etter hjerneinfarkt,Alle pasienter med atrieflimmer utskrevet etter hjerneinfarkt,Utfaset - Blodfortynnende behandling etter hjerneinfarkt hos pasienter med atrieflimmer,NKI,Ukjent,Ingen retning,,true,Kvalitet
37576281c5266ac9e00f6b8c6e140836,Antall avsluttede henvisningsperioder registrert med spesifikk kode for hovedtilstand i psykisk helsevern for voksne,Antall avsluttede henvisningsperioder registrert med spesifikk kode for hovedtilstand i psykisk helsevern for voksne,Utfaset - Bruk av spesifikke tilstandskoder i psykisk helsevern for voksne,NKI,Antall,Ingen retning,,true,Kvalitet
7c452da125770c39f903e7744c6193a4,"Andel pasienter som oppnår behandlingsmål LDL-kolesterol <= 2,6 mmol/l","Andel pasienter som oppnår behandlingsmål LDL-kolesterol <= 2,6 mmol/l",Utfaset - Diabetes type 1 hos barn - LDL-kolesterol,NKI,Prosent,Ingen retning,,true,Kvalitet
cd8cc2cf915a55b6ded000b3ae47d988,Antall manglende epikriser,Antall manglende epikriser,Utfaset - Epikrisetid ved utskrivning fra døgnbehandling i psykisk helse for voksne,NKI,Antall,Høyere er bedre,,true,Kvalitet
2b4373d78ed7c7d5148453c2f1d87f7e,Antall nye henvisninger i psykisk helsevern for voksne,Antall nye henvisninger i psykisk helsevern for voksne,Utfaset - Kompletthet i dokumentasjon og rapportering av henvisningsformalitet i psykisk helsevern for voksne,NKI,Antall,Ingen retning,,true,Kvalitet
a2584926b5523d054e68fb0a3572eaaf,Andel oppdaterte ventetider på Velg behandlingssted innen rehabilitering,Andel oppdaterte ventetider på Velg behandlingssted innen rehabilitering,Utfaset - Oppdaterte ventetider i Velg behandlingssted,NKI,Prosent,Lavere er bedre,,true,Kvalitet
4eed0fdbaca8bf87864696f16280d67e,"Andel pakkeforløp for brystkreft gjennomført innen standardforløpstid, medikamentell behandling","Andel pakkeforløp for brystkreft gjennomført innen standardforløpstid, medikamentell behandling",Utfaset - Pakkeforløp for brystkreft,NKI,Prosent,Høyere er bedre,,true,Kvalitet
2c8de46891797fa99bd148fdecc62cfe,Totalt antall kreftpasienter som inngår i pakkeforløp for galleveiskreft,Totalt antall kreftpasienter som inngår i pakkeforløp for galleveiskreft,Utfaset - Pakkeforløp for Galleveiskreft,NKI,Antall,Ingen retning,,true,Kvalitet
6b6c2977c1d736117847d846bfe2dfbb,Totalt antall kreftpasienter som inngår i pakkeforløp for hjernekreft,Totalt antall kreftpasienter som inngår i pakkeforløp for hjernekreft,Utfaset - Pakkeforløp for hjernekreft,NKI,Antall,Ingen retning,,true,Kvalitet
f0e3848c42c1b63717d09e2535f44383,Andel nye kreftpasienter som inngår i pakkeforløp for hode-halskreft,Andel nye kreftpasienter som inngår i pakkeforløp for hode-halskreft,Utfaset - Pakkeforløp for hode-halskreft,NKI,Prosent,Ingen retning,,true,Kvalitet
c1c5e6cefc90ef6985680952a1cbed25,Andel nye kreftpasienter som inngår i pakkeforløp for skjoldbruskkjertelkreft,Andel nye kreftpasienter som inngår i pakkeforløp for skjoldbruskkjertelkreft,Utfaset - Pakkeforløp for kreft i skjoldbruskkjertelen,NKI,Prosent,Ingen retning,,true,Kvalitet
c3a69e6f776e92803c24c215b7247396,Andel pakkeforløp for kreft i skjoldbruskkjertelen gjennomført innen maksimal anbefalt forløpstid,Andel pakkeforløp for kreft i skjoldbruskkjertelen gjennomført innen maksimal anbefalt forløpstid,Utfaset - Pakkeforløp for kreft i skjoldbruskkjertelen,NKI,Prosent,Høyere er bedre,,true,Kvalitet
533f4c65be936b29797cd339ed7b1596,Totalt antall kreftpasienter som inngår i pakkeforløp for kreft i spiserør og magesekk,Totalt antall kreftpasienter som inngår i pakkeforløp for kreft i spiserør og magesekk,Utfaset - Pakkeforløp for kreft i spiserør og magesekk,NKI,Antall,Ingen retning,,true,Kvalitet
490dfccdea8d646643fb43fcc05f0c74,Totalt antall pakkeforløp for kreft i spiserør og magesekk som er avsluttet i perioden,Totalt antall pakkeforløp for kreft i spiserør og magesekk som er avsluttet i perioden,Utfaset - Pakkeforløp for kreft i spiserør og magesekk,NKI,Antall,Ingen retning,,true,Kvalitet
d2b8478291e88ea51659c296942c8c08,Totalt antall kreftpasienter som inngår i pakkeforløp for lymfom,Totalt antall kreftpasienter som inngår i pakkeforløp for lymfom,Utfaset - Pakkeforløp for lymfom,NKI,Antall,Ingen retning,,true,Kvalitet
76a323cbffdb47a7f7ad1b4237162a16,Antall pakkeforløp for primær leverkreft gjennomført innen maksimal anbefalt forløpstid,Antall pakkeforløp for primær leverkreft gjennomført innen maksimal anbefalt forløpstid,Utfaset - Pakkeforløp for primær leverkreft,NKI,Antall,Høyere er bedre,,true,Kvalitet
b20def8a744244623a45f2cee507214e,Andel selvbestemte aborter utført kirurgisk innen utgangen av 12. uke (11 + 6 dager),Andel selvbestemte aborter utført kirurgisk innen utgangen av 12. uke (11 + 6 dager),Utfaset - Selvbestemt abort gjennomført medikamentelt eller kirurgisk,NKI,Prosent,Ingen retning,,true,Kvalitet
79c821708e5bd5d47d7780b464ad57b1,Antall pasienter som har fått testet svelgefunksjon etter hjerneslag,Antall pasienter som har fått testet svelgefunksjon etter hjerneslag,Vurdering og testing av svelgefunksjon etter hjerneslag.,NKI,Antall,Ingen retning,,false,Kvalitet
a8353a02e1cb5eef50eec2af49664608,Sannsynlighet for overlevelse 30 dager etter innleggelse på sykehus,Sannsynlighet for overlevelse 30 dager etter innleggelse på sykehus,30 dagers overlevelse etter sykehusinnleggelse uansett årsak,NKI,Prosent,Høyere er bedre,,false,Kvalitet
0fb1da0774f92c53fede1288879b8008,Antall pasienter med diabetes type 1 som har HbA1c-verdi mindre eller lik 53 mmol/mol siste år.,Antall pasienter med diabetes type 1 som har HbA1c-verdi mindre eller lik 53 mmol/mol siste år.,Blodsukkerregulering ved type 1 diabetes hos voksne,NKI,Antall,Ingen retning,,false,Kvalitet
fe423fb6877af16e2fc996c1e7653ee9,Totalt antall nyhenviste,Totalt antall nyhenviste,Brudd på vurderingsgarantien i somatisk helse,NKI,Antall,Ingen retning,,false,Kvalitet
198ac3c837b11ac2e20baeba3d774469,Alle vaginale fødsler hos førstegangsfødende forløst instrumentelt,Alle vaginale fødsler hos førstegangsfødende forløst instrumentelt,Forekomst av fødselsrifter,NKI,Ukjent,Ingen retning,,false,Kvalitet
c097316f207dc00ea1cfbf5f564a8b4e,Antall fristbrudd for pasienter som har påbegynt helsehjelp i somatisk helsetjeneste,Antall fristbrudd for pasienter som har påbegynt helsehjelp i somatisk helsetjeneste,Fristbrudd for pasienter som har påbegynt helsehjelp i somatisk helse,NKI,Antall,Lavere er bedre,,false,Kvalitet
205f38e5138328f896fd812ad54ad375,Alle flergangsfødende,Alle flergangsfødende,Fødsler uten større inngrep og komplikasjoner,NKI,Ukjent,Ingen retning,,false,Kvalitet
5825d83a3e342952ed67390200316284,Andel pasienter med aneurismer som mottar legemiddelbehandling i tråd med nasjonale retningslinjer ved utreise,Andel pasienter med aneurismer som mottar legemiddelbehandling i tråd med nasjonale retningslinjer ved utreise,Legemiddelbehandling i tråd med nasjonale retningslinjer etter operasjon for utposning på hovedpulsåren (aortaaneurisme),NKI,Prosent,Ingen retning,,false,Kvalitet
75b623bf9c6f8dde5825455181668b3e,Totalt antall nye kreftpasienter for 22 kreftformer i perioden,Totalt antall nye kreftpasienter for 22 kreftformer i perioden,Nye kreftpasienter i pakkeforløp for 22 kreftformer,NKI,Antall,Ingen retning,,false,Kvalitet
9535786de8d0317e41dcffd83218b2c6,Antall pakkeforløp for 24 organspesifikke kreftformer gjennomført innen standard forløpstid,Antall pakkeforløp for 24 organspesifikke kreftformer gjennomført innen standard forløpstid,Pakkeforløp for 24 organspesifikke kreftformer,NKI,Antall,Høyere er bedre,,false,Kvalitet
1f3c57451f5aef653c09d9434dbb01f0,Andel institusjoner som har deltatt i undersøkelsen (%),Andel institusjoner som har deltatt i undersøkelsen (%),Pasienterfaringer med døgnopphold innen psykisk helsevern,NKI,Prosent,Ingen retning,,false,Kvalitet
71c9d87076012933d1b91c9f0759a6fe,Antall akutte hendelser i grisgrendt strøk hvor ambulansen er på hendelsesstedet innen 25 minutter,Antall akutte hendelser i grisgrendt strøk hvor ambulansen er på hendelsesstedet innen 25 minutter,Tid fra AMK varsles til ambulanse er på hendelsessted (AMK-område),NKI,Antall,Ingen retning,,false,Kvalitet
7817e9dd8f62b350c6c2d2d3354640e5,Alle pasienter med hjerneinfarkt som er trombolysebehandlet i samme sykehus i perioden,Alle pasienter med hjerneinfarkt som er trombolysebehandlet i samme sykehus i perioden,Trombolysebehandling av hjerneinfarkt innen 40 minutter,NKI,Ukjent,Ingen retning,,false,Kvalitet
395aef21cdc1a192cc20aaf1cda95c7e,Totalt antall totalprotesekirurgier (hofte) utført i perioden,Totalt antall totalprotesekirurgier (hofte) utført i perioden,Utfaset - Dype og organ/hulromsinfeksjoner etter innsetting av totalprotese (hofte),NKI,Antall,Ingen retning,,true,Kvalitet
f72b5c46a17bec7854cca35577c33cc6,Antall pakkeforløp for brystkreft med kirurgisk behandling  gjennomført innen standardforløpstid,Antall pakkeforløp for brystkreft med kirurgisk behandling  gjennomført innen standardforløpstid,Utfaset - Pakkeforløp for brystkreft,NKI,Antall,Høyere er bedre,,true,Kvalitet
ea8096bccd6fab497d80d165ffc58a29,Antall nye kreftpasienter som inngår i pakkeforløp for eggstokkreft,Antall nye kreftpasienter som inngår i pakkeforløp for eggstokkreft,Utfaset - Pakkeforløp for eggstokkreft,NKI,Antall,Ingen retning,,true,Kvalitet
7a05a8504b15d76e1398d5277140275d,Totalt antall pakkeforløp for hode-halskreft som er avsluttet i perioden,Totalt antall pakkeforløp for hode-halskreft som er avsluttet i perioden,Utfaset - Pakkeforløp for hode-halskreft,NKI,Antall,Ingen retning,,true,Kvalitet
45a49afe8bba6e90acd7db076a04f8ab,Totalt antall kreftpasienter som inngår i pakkeforløp for kreft hos barn,Totalt antall kreftpasienter som inngår i pakkeforløp for kreft hos barn,Utfaset - Pakkeforløp for kreft hos barn,NKI,Antall,Ingen retning,,true,Kvalitet
08f8d5b880481cfc4f3d07dafdcda98a,Antall pakkeforløp for kreft i spiserør og magesekk gjennomført innen maksimal anbefalt forløpstid,Antall pakkeforløp for kreft i spiserør og magesekk gjennomført innen maksimal anbefalt forløpstid,Utfaset - Pakkeforløp for kreft i spiserør og magesekk,NKI,Antall,Høyere er bedre,,true,Kvalitet
d4feaff6d2b449fc2ad955dfee8f2990,Antall pakkeforløp for livmorkreft gjennomført innen maksimal anbefalt forløpstid,Antall pakkeforløp for livmorkreft gjennomført innen maksimal anbefalt forløpstid,Utfaset - Pakkeforløp for livmorkreft,NKI,Antall,Høyere er bedre,,true,Kvalitet
3102520e049705cc122d1ff1f0371e19,"Andel pakkeforløp for lungekreft gjennomført innen standardforløpstid, kirurgisk behandling","Andel pakkeforløp for lungekreft gjennomført innen standardforløpstid, kirurgisk behandling",Utfaset - Pakkeforløp for lungekreft,NKI,Prosent,Høyere er bedre,,true,Kvalitet
3e299a391eda12314f47c6491165008b,Antall nye kreftpasienter som inngår i pakkeforløp for malignt melanom,Antall nye kreftpasienter som inngår i pakkeforløp for malignt melanom,Utfaset - Pakkeforløp for malignt melanom,NKI,Antall,Ingen retning,,true,Kvalitet
f9833b42715064373e6f59855e32f9da,Antall pakkeforløp for metastaser med ukjent utgangspunkt gjennomført innen maksimal anbefalt forløpstid,Antall pakkeforløp for metastaser med ukjent utgangspunkt gjennomført innen maksimal anbefalt forløpstid,Utfaset - Pakkeforløp for metastaser med ukjent utgangspunkt,NKI,Antall,Høyere er bedre,,true,Kvalitet
cf630427da24380437d6c19035bf5383,Totalt antall pakkeforløp for nevroendokrine svulster som er avsluttet i perioden,Totalt antall pakkeforløp for nevroendokrine svulster som er avsluttet i perioden,Utfaset - Pakkeforløp for nevroendokrine svulster,NKI,Antall,Ingen retning,,true,Kvalitet
982ef0ef8ec2207993eda6ec5a5a1213,Total antall pakkeforløp for nyrekreft som er avsluttet i perioden,Total antall pakkeforløp for nyrekreft som er avsluttet i perioden,Utfaset - Pakkeforløp for nyrekreft,NKI,Antall,Ingen retning,,true,Kvalitet
60e8c2d6b3288e875a2d08b2b558e800,Antall nye kreftpasienter som inngår i pakkeforløp for primær leverkreft,Antall nye kreftpasienter som inngår i pakkeforløp for primær leverkreft,Utfaset - Pakkeforløp for primær leverkreft,NKI,Antall,Ingen retning,,true,Kvalitet
4d804d26a39863352b954f293488f01b,"Andel pakkeforløp for prostatakreft gjennomført innen standardforløpstid, medikamentell behandling","Andel pakkeforløp for prostatakreft gjennomført innen standardforløpstid, medikamentell behandling",Utfaset - Pakkeforløp for prostatakreft,NKI,Prosent,Høyere er bedre,,true,Kvalitet
3b2978c01466065c969c66ab578dc1fa,Antall nye kreftpasienter som inngår i pakkeforløp for tykk- og endetarmskreft,Antall nye kreftpasienter som inngår i pakkeforløp for tykk- og endetarmskreft,Utfaset - Pakkeforløp for tykk- og endetarmskreft,NKI,Antall,Ingen retning,,true,Kvalitet
